row_id,sheet_row,part,specification,qty,unit,unit_cost_usd,nominal,adverse,change,status,price_basis,part_ids,reason,source
R01,9,Compressor wheel,GT3076R class; 57.04 / 76.13 mm,1.0,each,150.0,150,250,changed,forecast,Benchmark,CW-01,Billet listing (USD 139) showed SOLD OUT on 2026-10-04; stock Garrett 452708-0001 cast wheel (the mapped wheel) price/availability unknown.,https://www.kinugawaturbo.com/products/billet-turbo-compressor-wheel-garrett-gt3076r-gt3037-57-76-mm-trim-56-11-0
R02,10,Purchased turbine wheel,"JETMAX 85 mm turbine wheel, finished + prebalanced (9.99 mm bore)",1.0,each,650.0,500,650,changed,forecast,Quote needed,TR-01,"List CHF 370 x 1.25 USD/CHF x 1.08 fees = USD 500 (estimate, not a quote); adverse keeps the USD 650 allowance.",https://jetmax.ch/en/turbine_wheels.htm
R03,11,Nozzle-guide-vane ring,"JETMAX 85 mm NGV casting, blank; CORE finishing of shroud bore/flange/locating diameters",1.0,each,400.0,400,450,changed,forecast,Quote needed,NG-01,List CHF 295 x 1.25 x 1.08 = USD 398 (estimate); no finished 85 mm NGV is offered.,https://jetmax.ch/en/nozzle_guide_vanes.htm
R04,12,High-speed turbine bearings,"10 x 26 x 8 mm hybrid angular contact (MTSV7000 class), both ends",2.0,each,150.0,150,250,changed,forecast,Quote needed,BR-01;BR-02,Turbine bore 9.99 mm forces a 10 mm rear journal; same size front for one spare type and a stiffer 13 mm body. Speed/preload data still required.,https://www.montonbearing.com/hkhtzc/wpfdjzc.html
R05,13,Shaft steel blank,"4140 prehard round, 5/8 in dia x 12 in",1.0,bar,15.0,20,30,changed,forecast,Benchmark,SH-01,"Stepped shaft body is 13 mm, larger than the 1/2 in (12.7 mm) bar budgeted.",https://www.onlinemetals.com/en/buy/alloy-steel/0-500-alloy-steel-round-bar-4140-cold-finished-heat-treated/pid/mp-00002423
R06,14,Compressor-housing block,"6061 aluminum, 2 × 6 × 6 in",1.0,block,80.0,80.0,80.0,unchanged,forecast,Estimate,,,Planning estimate; no vendor quote
R07,15,Diffuser / backplate blanks,"6061-T651 plate, 1/2 × 8 × 8 in",2.0,plate,35.0,35.0,35.0,unchanged,forecast,Benchmark,,,https://www.onlinemetals.com/en/buy/aluminum/0-5-aluminum-plate-6061-t651/pid/1250
R08,16,Bearing-carrier blank,"6061 round bar, 2-1/2 in dia × 6 in long",1.0,bar,45.0,45.0,45.0,unchanged,forecast,Estimate,,,Planning estimate; no vendor quote
R09,17,Bearing-spacer stock,"316 stainless round, 1/2 in dia × 12 in",1.0,bar,15.0,15.0,15.0,unchanged,forecast,Estimate,,,Planning estimate; no vendor quote
R10,18,Bearing preload springs,"Wave spring for 26 mm bearing OD, ~40 N working load",2.0,each,8.0,8.0,8.0,changed,forecast,Estimate,BR-02,Bearing size change; price unchanged.,Planning estimate; no vendor quote
R11,19,Rotor retaining nuts,Precision shaft nuts; thread/hand TBD,2.0,each,8.0,8.0,8.0,unchanged,forecast,Estimate,,,Planning estimate; no vendor quote
R12,20,Cold-housing O-rings,"FKM; ten seals, final groove sizes TBD",1.0,10-pack,18.0,18.0,18.0,unchanged,forecast,Estimate,,,Planning estimate; no vendor quote
R13,21,Bearing retaining rings,"Internal retaining ring, 26 mm housing bore",1.0,10-pack,8.0,8.0,8.0,changed,forecast,Estimate,BC-01,Bearing size change; price unchanged.,Planning estimate; no vendor quote
R14,22,Labyrinth / seal-ring blank,"C932 bronze round, 1-1/4 in dia × 3 in",1.0,bar,25.0,25.0,25.0,unchanged,forecast,Estimate,,,Planning estimate; no vendor quote
S01,23,Turbine interface finishing,"Bore / hub / attachment finishing, one rotor",1.0,job,125.0,125.0,125,unchanged,forecast,Quote needed,,Adverse: Finished wheel reduces scope; allowance kept.,Planning estimate; no vendor quote
S02,24,Post-finishing rotor inspection,One rotor; dimensional + dye-penetrant service,1.0,job,125.0,125.0,125.0,unchanged,forecast,Quote needed,,,Planning estimate; no vendor quote
S03,25,Assembled rotor balancing,One rotor assembly; report included in quote,1.0,job,200.0,200.0,300,unchanged,forecast,Quote needed,,"Adverse: Custom rotor, repeat runs possible.",https://www.gpopshop.com/balancing
S04,26,Balancing adapter / fixture,One custom setup for CORE shaft,1.0,job,75.0,75.0,150,unchanged,forecast,Quote needed,,Adverse: Adapter quote required.,https://www.gpopshop.com/balancing
C01,27,Casing / liner / dome sheet,"316/316L 2B sheet, 0.060 × 24 × 24 in",1.0,sheet,110.0,110.0,130,unchanged,forecast,Benchmark,,Adverse: Price change; sheet nesting verified in run output.,https://www.onlinemetals.com/en/buy/stainless-steel/0-06-stainless-sheet-316-316l-cold-roll-2b/pid/9861
C02,28,Shaft-tunnel tube,"316 stainless, 2 in OD × 0.065 wall × 12 in",1.0,tube,35.0,35.0,35.0,unchanged,forecast,Estimate,,,Planning estimate; no vendor quote
C03,29,Vaporizer tubing,316 tube 1/4 in (6.35 mm) OD x 0.035 in wall x 1 m,2.0,length,20.0,15,20,changed,forecast,Estimate,VP-01,Model vaporizer OD ~6.2 mm (8 sticks); 8 mm stock was a price proxy. Rerate bore/crimp at the stock size before release.,Planning estimate; no vendor quote
C04,30,Fuel manifold metal tube,"316, 1/8 in OD × 0.020 wall × 36 in",1.0,length,20.0,20.0,20.0,unchanged,forecast,Estimate,,,Planning estimate; no vendor quote
C05,31,Fuel needle / capillary tubing,"316 hypodermic tube ~0.5 mm ID needle stock, 1 m",1,length,15.0,25,40,changed,forecast,Estimate,FU-01,Laminar needle restrictors for 8-way distribution need ~0.5 mm bore (see systems/fuel_budget.json); 1.1 mm ID stock gives no useful restriction.,Planning estimate; no vendor quote
C06,32,TIG filler rod,"ER316L, 1/16 in dia, 1 lb pack",1.0,pack,25.0,25.0,25.0,unchanged,forecast,Estimate,,,Planning estimate; no vendor quote
C07,33,Argon / purge gas refill share,One project share of shop cylinder refill,1.0,refill share,40.0,40.0,40.0,unchanged,forecast,Estimate,,,Planning estimate; no vendor quote
C08,34,Spark igniter,"Small M10-thread spark plug, candidate",1.0,each,25.0,25.0,25.0,unchanged,forecast,Estimate,,,Planning estimate; no vendor quote
C09,35,Ignition power module,12 V CDI / spark driver,1.0,each,50.0,50.0,50.0,unchanged,forecast,Estimate,,,Planning estimate; no vendor quote
C10,36,Ignition lead,"High-temperature insulated HT lead, 1 m",1.0,length,10.0,10.0,10.0,unchanged,forecast,Estimate,,,Planning estimate; no vendor quote
C11,37,Gasket sheet,"High-temperature gasket sheet, 1/32 × 12 × 12 in",1.0,sheet,15.0,15.0,15.0,unchanged,forecast,Estimate,,,Planning estimate; no vendor quote
F01,38,Fuel pump,JetCat V6 P60–P200 class pump,1.0,each,180.0,180.0,250,unchanged,forecast,Benchmark,,Adverse: Pump compatibility with an independent driver unproven; alternative pump may cost more.,https://www.chiefrc.com/collections/fuel-pumps
F02,39,Automatic fuel shutoff valve,"Normally closed, 12 VDC, 1/8 in NPT",1.0,each,75.0,75.0,75.0,unchanged,forecast,Estimate,,,Planning estimate; no vendor quote
F03,40,Manual fuel valve,"Fuel-compatible ball valve, 1/8 in NPT",1.0,each,25.0,25.0,25.0,unchanged,forecast,Estimate,,,Planning estimate; no vendor quote
F04,41,Bench fuel tank,2 L fuel-compatible tank with cap,1.0,each,25.0,25.0,25.0,unchanged,forecast,Estimate,,,Planning estimate; no vendor quote
F05,42,Tank pickup / vent bulkheads,1/8 in hose-barb bulkhead,2.0,each,5.0,5.0,5.0,unchanged,forecast,Estimate,,,Planning estimate; no vendor quote
F06,43,Flexible fuel tubing,"Tygon F-4040-A class, 1/8 in ID × 10 ft",1.0,coil,30.0,30.0,30.0,unchanged,forecast,Estimate,,,Planning estimate; no vendor quote
F07,44,Inline fuel filter,"Fuel-compatible, ~10 micron, 1/8 in barb",1.0,each,15.0,15.0,15.0,unchanged,forecast,Estimate,,,Planning estimate; no vendor quote
F08,45,Fuel hose adapters,1/8 in NPT to 1/8 in hose barb,6.0,each,4.0,4.0,4.0,unchanged,forecast,Estimate,,,Planning estimate; no vendor quote
F09,46,Fuel-line tees,1/8 in hose-barb tee,2.0,each,4.0,4.0,4.0,unchanged,forecast,Estimate,,,Planning estimate; no vendor quote
F10,47,Fuel check valve,"Fuel-compatible inline, 1/8 in barb",1.0,each,10.0,10.0,10.0,unchanged,forecast,Estimate,,,Planning estimate; no vendor quote
F11,48,Small fuel-hose clamps,For ~1/4 in OD hose; ten clamps,1.0,10-pack,8.0,8.0,8.0,unchanged,forecast,Estimate,,,Planning estimate; no vendor quote
F12,49,Test fuel,Kerosene / Jet-A grade TBD; US gallons,4.0,gal,15.0,15.0,15.0,unchanged,forecast,Estimate,,,Planning estimate; no vendor quote
F13,50,Turbine lubricant,"One quart, grade / mixing scheme TBD",1.0,bottle,30.0,30.0,30.0,unchanged,forecast,Estimate,,,Planning estimate; no vendor quote
F14,51,Fuel-consumption scale,"10 kg capacity digital scale, 1 g resolution",1.0,each,25.0,25.0,25.0,unchanged,forecast,Estimate,,,Planning estimate; no vendor quote
E01,52,Hot-section thermocouple,"K-type Inconel probe, 3 mm × 100 mm",1.0,each,100.0,100.0,120,unchanged,forecast,Benchmark,,Adverse: Probe/connector selection.,https://www.dwyeromega.com/en-us/thermocouple-probes-with-mounting-threads-and-m12-connectors/M12probes/p/M12KIN-M3-U-100-A
E02,53,Cool-section thermocouples,"K-type glass-braid bead probe, 1 m",2.0,each,10.0,10.0,10.0,unchanged,forecast,Benchmark,,,https://www.adafruit.com/product/270
E03,54,Thermocouple interface boards,"MAX31856 breakout, one per probe",3.0,each,20.0,20.0,20.0,unchanged,forecast,Benchmark,,,https://www.adafruit.com/product/3263
E04,55,Pressure transmitters,"Pressure transmitters: one 0-30 psig (P03), one 0-60 psig (fuel)",2.0,each,175.0,175.0,175.0,changed,forecast,Benchmark,SN-P03;SN-PF,Design P03 gauge ~0.5 bar (7 psig); 0-100 psig range wastes resolution. Price unchanged (estimate).,https://www.automationdirect.com/adc/shopping/catalog/process_control_-a-_measurement/pressure_sensors/pressure_transmitters/ptd25-10-0100h
E05,56,ADC board,"ADS1115, 16-bit, four-channel breakout",1.0,each,15.0,15.0,15.0,unchanged,forecast,Benchmark,,,https://www.adafruit.com/product/1085
E06,57,Microcontroller / logger,Adafruit Feather RP2040 Adalogger,1.0,each,15.0,15.0,15.0,unchanged,forecast,Benchmark,,,https://www.adafruit.com/product/5980
E07,58,Hall-effect sensor boards,ScoutMakes DRV5011 latching Hall breakout,2.0,each,6.0,6.0,6.0,unchanged,forecast,Benchmark,,,https://www.adafruit.com/product/6519
E08,59,Handheld optical tachometer,"NEIKO 20713A, 2.5–99,999 rpm range",1.0,each,25.0,25.0,25.0,unchanged,forecast,Benchmark,,,https://neikotools.com/products/neiko-20713a-digital-tachometer-non-contact-laser-photo-2-5-99-999-rpm-accuracy
E09,60,Thrust load cell,20 kg nominal strain-gauge beam cell,1.0,each,30.0,30.0,30.0,unchanged,forecast,Estimate,,,Planning estimate; no vendor quote
E10,61,Load-cell ADC,HX711 amplifier / interface board,1.0,each,10.0,10.0,10.0,unchanged,forecast,Estimate,,,Planning estimate; no vendor quote
E11,62,Emergency-stop switch,"22 mm latching mushroom, NC contact block",1.0,each,15.0,15.0,15.0,unchanged,forecast,Estimate,,,Planning estimate; no vendor quote
E12,63,Interlock relays with sockets,"24 VDC coil, DPDT, nominal 10 A contacts",2.0,each,12.0,12.0,12.0,unchanged,forecast,Estimate,,,Planning estimate; no vendor quote
E13,64,Fuse holders and fuses,"Inline automotive holders, five-piece pack",1.0,pack,10.0,10.0,10.0,unchanged,forecast,Estimate,,,Planning estimate; no vendor quote
E14,65,Fuel-pump motor driver,"12 V PWM motor driver, nominal 10 A class",1.0,each,35.0,35.0,35.0,unchanged,forecast,Estimate,,,Planning estimate; no vendor quote
E15,66,24 V bench power supply,"24 VDC, 5 A regulated supply",1.0,each,40.0,40.0,40.0,unchanged,forecast,Estimate,,,Planning estimate; no vendor quote
E16,67,12 V regulator,"24-to-12 V buck converter, 5 A class",1.0,each,20.0,20.0,20.0,unchanged,forecast,Estimate,,,Planning estimate; no vendor quote
E17,68,5 V regulator,"DC buck converter, 5 V / 3 A class",1.0,each,10.0,10.0,10.0,unchanged,forecast,Estimate,,,Planning estimate; no vendor quote
E18,69,Starter motor,"Brushless starter motor, 500-800 W class, 3S",1.0,each,35.0,70,110,changed,forecast,Estimate,ST-01,"Starter bound ~0.3-1 kW at 20-30 krpm (systems/starter_budget.json, extrapolated); a USD 35 brushed can motor is unlikely to suffice.",Planning estimate; no vendor quote
E19,70,Starter motor controller,"Brushless ESC, 60-80 A class",1.0,each,25.0,45,70,changed,forecast,Estimate,ST-01,Matches the starter change.,Planning estimate; no vendor quote
E20,71,Starter clutch / coupling,Small overrunning clutch and drive adapter,1.0,each,35.0,35.0,35.0,unchanged,forecast,Estimate,,,Planning estimate; no vendor quote
E21,72,Control enclosure,"ABS electrical enclosure, ~8 × 6 × 4 in",1.0,each,25.0,25.0,25.0,unchanged,forecast,Estimate,,,Planning estimate; no vendor quote
E22,73,Pressure-sensor cables,"M12 four-pin female cable, 2 m",2.0,each,12.0,12.0,12.0,unchanged,forecast,Estimate,,,Planning estimate; no vendor quote
E23,74,Thermocouple extension leads,"K-type extension / mating connector, 1 m",3.0,each,10.0,10.0,10.0,unchanged,forecast,Estimate,,,Planning estimate; no vendor quote
E24,75,Shielded sensor cable,"Four-conductor shielded, 22 AWG, 25 ft",1.0,roll,25.0,25.0,25.0,unchanged,forecast,Estimate,,,Planning estimate; no vendor quote
E25,76,Power wire,"14 AWG red / black, 25 ft total",1.0,roll,20.0,20.0,20.0,unchanged,forecast,Estimate,,,Planning estimate; no vendor quote
E26,77,Terminal strip,12-position screw terminal block,1.0,each,10.0,10.0,10.0,unchanged,forecast,Estimate,,,Planning estimate; no vendor quote
E27,78,Cable glands,"M12/M16 cable-entry glands, ten-pack",1.0,pack,10.0,10.0,10.0,unchanged,forecast,Estimate,,,Planning estimate; no vendor quote
E28,79,Heat-shrink tubing,"Assorted diameters, 100-piece pack",1.0,pack,8.0,8.0,8.0,unchanged,forecast,Estimate,,,Planning estimate; no vendor quote
E29,80,Signal-conditioning components,Perfboard plus resistor / TVS assortment,1.0,pack,10.0,10.0,10.0,unchanged,forecast,Estimate,,,Planning estimate; no vendor quote
E30,81,Logger memory card,16 GB microSD card,1.0,each,8.0,8.0,8.0,unchanged,forecast,Estimate,,,Planning estimate; no vendor quote
E31,82,USB cable,"USB-A to USB-C data cable, 1 m",1.0,each,6.0,6.0,6.0,unchanged,forecast,Estimate,,,Planning estimate; no vendor quote
E32,83,Starter battery,"3S 11.1 V LiPo, 2200 mAh, candidate",1.0,each,30.0,30.0,30.0,unchanged,forecast,Estimate,,,Planning estimate; no vendor quote
E33,84,Battery balance charger,3S-capable LiPo balance charger,1.0,each,25.0,25.0,25.0,unchanged,forecast,Estimate,,,Planning estimate; no vendor quote
E34,85,Hall-sensor bench targets,"Small magnet sample pack, ten pieces",1.0,pack,8.0,8.0,8.0,unchanged,forecast,Estimate,,,Planning estimate; no vendor quote
H01,86,M4 socket-head bolts,"M4 × 12 mm, A2 stainless, 25 pieces",1.0,pack,10.0,10.0,10.0,unchanged,forecast,Estimate,,,Planning estimate; no vendor quote
H02,87,M5 socket-head bolts,"M5 × 16 mm, A2 stainless, 25 pieces",1.0,pack,12.0,12.0,12.0,unchanged,forecast,Estimate,,,Planning estimate; no vendor quote
H03,88,M6 socket-head bolts,"M6 × 20 mm, A2 stainless, 25 pieces",1.0,pack,15.0,15.0,15.0,unchanged,forecast,Estimate,,,Planning estimate; no vendor quote
H04,89,M8 stand bolts,"M8 × 30 mm, class 8.8 steel, 25 pieces",1.0,pack,18.0,18.0,18.0,unchanged,forecast,Estimate,,,Planning estimate; no vendor quote
H05,90,M4 hex nuts,A2 stainless; 25 pieces,1.0,pack,6.0,6.0,6.0,unchanged,forecast,Estimate,,,Planning estimate; no vendor quote
H06,91,M5 hex nuts,A2 stainless; 25 pieces,1.0,pack,6.0,6.0,6.0,unchanged,forecast,Estimate,,,Planning estimate; no vendor quote
H07,92,M6 hex nuts,A2 stainless; 25 pieces,1.0,pack,8.0,8.0,8.0,unchanged,forecast,Estimate,,,Planning estimate; no vendor quote
H08,93,M8 stand nuts,Steel class 8; 25 pieces,1.0,pack,8.0,8.0,8.0,unchanged,forecast,Estimate,,,Planning estimate; no vendor quote
H09,94,Small flat washers,"M4 / M5 / M6 stainless, 150-piece pack",1.0,pack,10.0,10.0,10.0,unchanged,forecast,Estimate,,,Planning estimate; no vendor quote
H10,95,M8 flat washers,Steel; 50 pieces,1.0,pack,8.0,8.0,8.0,unchanged,forecast,Estimate,,,Planning estimate; no vendor quote
H11,96,Lockwire,"304 stainless, 0.032 in diameter, 1 lb spool",1.0,spool,15.0,15.0,15.0,unchanged,forecast,Estimate,,,Planning estimate; no vendor quote
H12,97,Cobalt drill set,Metric 1–8 mm set,1.0,set,35.0,35.0,35.0,unchanged,forecast,Estimate,,,Planning estimate; no vendor quote
H13,98,Carbide end mills,"1/4 in diameter, four-flute",2.0,each,15.0,15.0,15.0,unchanged,forecast,Estimate,,,Planning estimate; no vendor quote
H14,99,Cutoff discs,"4-1/2 in abrasive discs, ten-pack",1.0,pack,12.0,12.0,12.0,unchanged,forecast,Estimate,,,Planning estimate; no vendor quote
H15,100,Cutting lubricant,32 fl oz bottle,1.0,bottle,12.0,12.0,12.0,unchanged,forecast,Estimate,,,Planning estimate; no vendor quote
H16,101,Anti-seize compound,"High-temperature compound, 8 oz",1.0,bottle,12.0,12.0,12.0,unchanged,forecast,Estimate,,,Planning estimate; no vendor quote
H17,102,Threadlocker,"Medium-strength, 10 mL",1.0,bottle,10.0,10.0,10.0,unchanged,forecast,Estimate,,,Planning estimate; no vendor quote
T01,103,Test-stand square tubing,"A500/A513, 1.5 × 1.5 × 0.120 in wall × 72 in",3.0,length,40.0,40.0,40.0,unchanged,forecast,Benchmark,,,https://www.onlinemetals.com/en/buy/carbon-steel/1-5-x-0-12-carbon-steel-square-tube-a500-a513-hot-rolled/pid/10326
T02,104,Steel mounting plate,"A36, 1/4 × 6 × 12 in",1.0,plate,30.0,30.0,30.0,unchanged,forecast,Estimate,,,Planning estimate; no vendor quote
T03,105,Steel angle,"A36, 1.5 × 1.5 × 1/8 in × 36 in",2.0,length,15.0,15.0,15.0,unchanged,forecast,Estimate,,,Planning estimate; no vendor quote
T04,106,Local heat-shield sheet,"304 stainless, 0.036 × 24 × 24 in",1.0,sheet,55.0,55.0,55.0,unchanged,forecast,Estimate,,,Planning estimate; no vendor quote
T05,107,ABC fire extinguishers,"Rechargeable 5 lb, 3-A:40-B:C benchmark",2.0,each,50.0,50.0,50.0,unchanged,forecast,Benchmark,,,https://www.webstaurantstore.com/buckeye-5-lb-abc-dry-chemical-fire-extinguisher-rechargeable-untagged-with-wall-mount-ul-rating-3-a-40-b-c/47210914.html
T06,108,Extinguisher inspection tags,"Inspection / tagging service, per extinguisher",2.0,service,20.0,20.0,20.0,unchanged,forecast,Estimate,,,Planning estimate; no vendor quote
T07,109,Fuel spill tray,"Metal tray, about 24 × 18 in",1.0,each,25.0,25.0,25.0,unchanged,forecast,Estimate,,,Planning estimate; no vendor quote
T08,110,Absorbent pads,"Hydrocarbon-compatible, 25-piece pack",1.0,pack,15.0,15.0,15.0,unchanged,forecast,Estimate,,,Planning estimate; no vendor quote
T09,111,Tie-down straps,Four-strap pack,1.0,pack,20.0,20.0,20.0,unchanged,forecast,Estimate,,,Planning estimate; no vendor quote
T10,112,Safety glasses,ANSI Z87.1 glasses,4.0,each,5.0,5.0,5.0,unchanged,forecast,Estimate,,,Planning estimate; no vendor quote
T11,113,Hearing-protection plugs,"Disposable plugs, 100-pair box",1.0,box,20.0,20.0,20.0,unchanged,forecast,Estimate,,,Planning estimate; no vendor quote
I01,114,Inlet bellmouth sheet,"6061 aluminum, 0.063 × 12 × 24 in",1.0,sheet,25.0,25.0,25.0,unchanged,forecast,Estimate,,,Planning estimate; no vendor quote
I02,115,Inlet screen,"304 stainless wire mesh, 12 × 12 in",1.0,sheet,15.0,15.0,15.0,unchanged,forecast,Estimate,,,Planning estimate; no vendor quote
I03,116,Exhaust nozzle sheet,"316/316L, 0.060 × 12 × 24 in",1.0,sheet,65.0,65.0,65.0,unchanged,forecast,Benchmark,,,https://www.onlinemetals.com/en/buy/stainless-steel/0-06-stainless-sheet-316-316l-cold-roll-2b/pid/9861
I04,117,Inlet / outlet clamps,"Stainless band clamps, 4–6 in range",2.0,each,6.0,6.0,6.0,unchanged,forecast,Estimate,,,Planning estimate; no vendor quote
V01,118,Local test travel,Vehicle fuel / toll allowance per local trip,2.0,trip,100.0,100.0,100.0,unchanged,forecast,Estimate,,,Planning estimate; no vendor quote
P01,122,Domestic supplier shipping,Six consolidated shipments,6.0,shipment,15.0,15.0,15.0,unchanged,forecast,,,,
P02,123,Balancing freight,One outbound / return shipping allowance,1.0,round trip,60.0,60.0,60.0,unchanged,forecast,,,,
P03,124,Turbine supplier freight,One shipment; duties beyond allowance TBD,1.0,shipment,50.0,50,120,changed,forecast,,TR-01;NG-01,International shipment from Switzerland; duties/fees uncertain.,
N01,,Rear bearing carrier stock,"416/303 stainless round, 1-3/4 in x 3 in",1.0,bar,,30,45,added,forecast,Estimate,BC-02,Rear carrier sits in the NGV hub (hot); budget R08 assumed aluminium for both carriers.,PD-1 design need
N02,,Elastomer bearing-mount O-rings,"FKM O-rings for soft damped carriers, assorted + spares",1.0,kit,,20,35,added,forecast,Estimate,BC-01;BC-02,Rotordynamic decision (soft mounts); rear-mount temperature is a design risk.,PD-1 design need
N03,,Hot-section fasteners,"A286 (or equivalent) M3, length to be set by flange stack, 25 pieces",1.0,pack,,40,60,added,forecast,Estimate,NG-01;EX-01;CS-02,"Matches the M3 / 3.4 mm-hole NGV flange proposal. Grade, length, hot preload and price require confirmation.",PD-1 design need
N04,,Pin-gauge set,"0.50-6.00 mm, 0.01 mm steps (or borrowed)",1.0,set,,60,90,added,forecast,Estimate,NG-01;TR-01,Throat-opening measurement of the purchased NGV and rotor - the highest-value measurement for matching.,PD-1 design need
N05,,Small carbide end mills,"1/8 in and 3/32 in, 2 each",1.0,set,,40,60,added,forecast,Estimate,DF-01,Diffuser channel slots (~2.6 mm throat) need smaller cutters than H13.,PD-1 design need
N06,,Dye-penetrant kit,Cleaner/penetrant/developer aerosols,1.0,kit,,40,60,added,forecast,Estimate,CB-01;CS-01,"Weld inspection of liners, casing seam and cones.",PD-1 design need
