name,part_id,quantity_type,value,unit,reference_temperature_K,basis,source,tolerance,status,tolerance_reason,note
CW01_EXDUCER_DIA,CW-01,length,76.13,mm,293.0,supplied,record compressor_wheel / Kinugawa listing,supplier,fixed purchased geometry,purchased part,
CW01_EXDUCER_EXT_TIP_DIA,CW-01,length,79.22,mm,293.0,supplied,record compressor_wheel / Kinugawa listing,supplier,fixed purchased geometry,purchased part,
CW01_INDUCER_DIA,CW-01,length,57.04,mm,293.0,supplied,record compressor_wheel / Kinugawa listing,supplier,fixed purchased geometry,purchased part,
CW01_EXIT_BLADE_HEIGHT,CW-01,length,5.75,mm,293.0,supplied,record compressor_wheel / Kinugawa listing,supplier,fixed purchased geometry,purchased part,
CW01_SUPER_BACK_HEIGHT,CW-01,length,2.36,mm,293.0,supplied,record compressor_wheel / Kinugawa listing,supplier,fixed purchased geometry,purchased part,
CW01_BORE_DIA,CW-01,length,5.99,mm,293.0,supplied,record compressor_wheel / Kinugawa listing,supplier,fixed purchased geometry,purchased part,
CW01_FULL_BLADES,CW-01,count,11,count,293.0,supplied,Kinugawa listing,n/a,fixed purchased geometry,,
CW01_INDUCER_HUB_DIA,CW-01,length,19.0,mm,293.0,assumption,record (hub/tip 0.33 assumption),measure,envelope only,needed for shroud contour,
CW01_AXIAL_LENGTH_ENVELOPE,CW-01,length,32.0,mm,293.0,assumption,record envelope,measure,envelope only,sets nut/thread stack,
CW01_SHROUD_CONTOUR,CW-01,length,,mm,293.0,unresolved,not published,general ISO 2768-m,unresolved - do not model,not functionally critical,Scan or measure the blade tip profile before machining the housing shroud.
CW01_MASS,CW-01,mass,0.075,kg,293.0,assumption,record,weigh,envelope only,,
CW01_IP,CW-01,inertia,3.2e-05,kg_m2,293.0,assumption,record,measure/CAD,envelope only,,
CH01_INDUCER_SHROUD_DIA,CH-01,length,57.64,mm,293.0,design,inducer + 2 x shroud clearance,+0.02/0 mm,provisional design,sets tip clearance; machine to measured wheel,
CH01_OD,CH-01,length,152.4,mm,293.0,design,matches casing OD,+/-0.1 mm,provisional design,flange register,
DF01_FLOOR_X,DF-01,length,-2.36,mm,293.0,calculated,flush with wheel hub disc face (super back),+/-0.05 mm,provisional design,step at impeller exit; shim at assembly,
DF01_REAR_FACE_X,DF-01,length,10.0,mm,293.0,design,assembly record,general ISO 2768-m,provisional design,not functionally critical,
DF01_BACKFACE_RECESS_X,DF-01,length,0.4,mm,293.0,design,assembly record,+/-0.05 mm (shim),provisional design,running axial clearance to wheel backface,
DF01_VANE_LE_DIA,DF-01,length,82.2204,mm,293.0,calculated,M11 vaneless ratio x D2,+/-0.1 mm,provisional design,,
DF01_EXIT_DIA,DF-01,length,126.0,mm,293.0,design,case diffuser.exit_diameter_m,+/-0.2 mm,provisional design,,
DF01_VANE_COUNT,DF-01,count,19,count,293.0,design,case diffuser.vane_count (coprime with 11 blades),n/a,provisional design,,
DF01_CHANNEL_WIDTH,DF-01,length,6.0,mm,293.0,design,case diffuser.channel_width_m,+0.05/0 mm,provisional design,flow area at throat; matches impeller exit height,
DF01_EXIT_AXIAL_WIDTH,DF-01,length,9.0,mm,293.0,design,channel width x exit growth (case),+0.1/0 mm,provisional design,exit area ratio,
DF01_FRONT_BEARING_POCKET_X0,DF-01,length,4.0,mm,293.0,calculated,stack (recessed pocket),general ISO 2768-m,provisional design,not functionally critical,
DF01_VANE_LE_ANGLE,DF-01,angle,57.932197,deg,293.0,calculated,M11 free-vortex flow angle (from radial),+/-1 deg,provisional design,incidence,
DF01_VANE_EXIT_ANGLE,DF-01,angle,45.932197,deg,293.0,calculated,M11 (LE angle - turning),+/-1 deg,provisional design,,
DF01_THROAT_WIDTH,DF-01,length,5.836302,mm,293.0,calculated,M11 throat Mach target,+/-0.05 mm,provisional design,sets diffuser capacity,
DF01_SEAL_BORE_DIA,DF-01,length,13.2,mm,293.0,design,sleeve OD + 2 x labyrinth clearance,+0.02/0 mm,provisional design,leakage to tunnel,
DF01_OD,DF-01,length,149.0,mm,293.0,design,assembly record,g6 to casing ID,provisional design,spigot register,
SH01_FRONT_THREAD_M6_DIA,SH-01,length,6.0,mm,293.0,design,assembly record / core.assembly,general,provisional design,nominal thread size; the rotor model uses 0.85 x nominal as the minor diameter,
SH01_FRONT_THREAD_M6_X0,SH-01,length,-40.0,mm,293.0,calculated,core.assembly stack,general ISO 2768-m,provisional design,not functionally critical,
SH01_FRONT_THREAD_M6_LEN,SH-01,length,8.0,mm,293.0,calculated,core.assembly stack,general ISO 2768-m,provisional design,not functionally critical,
SH01_COMPRESSOR_SEAT_DIA,SH-01,length,6.0,mm,293.0,assumption,assembly record / core.assembly,grind to measured bore -0.002/-0.006 mm,envelope only,aluminium wheel slip/transition fit,
SH01_COMPRESSOR_SEAT_X0,SH-01,length,-32.0,mm,293.0,calculated,core.assembly stack,general ISO 2768-m,provisional design,not functionally critical,
SH01_COMPRESSOR_SEAT_LEN,SH-01,length,32.0,mm,293.0,calculated,core.assembly stack,general ISO 2768-m,provisional design,not functionally critical,
SH01_SEAL_SLEEVE_SEAT_DIA,SH-01,length,6.0,mm,293.0,design,assembly record / core.assembly,general,provisional design,,
SH01_SEAL_SLEEVE_SEAT_X0,SH-01,length,0.0,mm,293.0,calculated,core.assembly stack,general ISO 2768-m,provisional design,not functionally critical,
SH01_SEAL_SLEEVE_SEAT_LEN,SH-01,length,5.0,mm,293.0,calculated,core.assembly stack,general ISO 2768-m,provisional design,not functionally critical,
SH01_FRONT_JOURNAL_DIA,SH-01,length,10.0,mm,293.0,design,assembly record / core.assembly,k5 (+0.001/+0.007 mm),provisional design,bearing inner-ring light interference (confirm supplier fit table),
SH01_FRONT_JOURNAL_X0,SH-01,length,5.0,mm,293.0,calculated,core.assembly stack,general ISO 2768-m,provisional design,not functionally critical,
SH01_FRONT_JOURNAL_LEN,SH-01,length,8.0,mm,293.0,calculated,core.assembly stack,general ISO 2768-m,provisional design,not functionally critical,
SH01_BODY_DIA,SH-01,length,13.0,mm,293.0,design,assembly record / core.assembly,general,provisional design,,
SH01_BODY_X0,SH-01,length,13.0,mm,293.0,calculated,core.assembly stack,general ISO 2768-m,provisional design,not functionally critical,
SH01_BODY_LEN,SH-01,length,105.788718,mm,293.0,calculated,core.assembly stack,general ISO 2768-m,provisional design,not functionally critical,
SH01_REAR_JOURNAL_DIA,SH-01,length,10.0,mm,293.0,design,assembly record / core.assembly,k5 (+0.001/+0.007 mm),provisional design,bearing inner-ring light interference (confirm supplier fit table),
SH01_REAR_JOURNAL_X0,SH-01,length,118.788718,mm,293.0,calculated,core.assembly stack,general ISO 2768-m,provisional design,not functionally critical,
SH01_REAR_JOURNAL_LEN,SH-01,length,8.0,mm,293.0,calculated,core.assembly stack,general ISO 2768-m,provisional design,not functionally critical,
SH01_REAR_SPACER_SEAT_DIA,SH-01,length,10.0,mm,293.0,design,assembly record / core.assembly,general,provisional design,,
SH01_REAR_SPACER_SEAT_X0,SH-01,length,126.788718,mm,293.0,calculated,core.assembly stack,general ISO 2768-m,provisional design,not functionally critical,
SH01_REAR_SPACER_SEAT_LEN,SH-01,length,4.0,mm,293.0,calculated,core.assembly stack,general ISO 2768-m,provisional design,not functionally critical,
SH01_TURBINE_SEAT_DIA,SH-01,length,10.0,mm,293.0,assumption,assembly record / core.assembly,UNRESOLVED - supplier/fit review required,envelope only,10 mm envelope vs 9.99 mm bore; thermal assembly and hub stress unverified,
SH01_TURBINE_SEAT_X0,SH-01,length,130.788718,mm,293.0,calculated,core.assembly stack,general ISO 2768-m,provisional design,not functionally critical,
SH01_TURBINE_SEAT_LEN,SH-01,length,19.0,mm,293.0,calculated,core.assembly stack,general ISO 2768-m,provisional design,not functionally critical,
SH01_REAR_THREAD_M8_DIA,SH-01,length,8.0,mm,293.0,design,assembly record / core.assembly,general,provisional design,nominal thread size; the rotor model uses 0.85 x nominal as the minor diameter,
SH01_REAR_THREAD_M8_X0,SH-01,length,149.788718,mm,293.0,calculated,core.assembly stack,general ISO 2768-m,provisional design,not functionally critical,
SH01_REAR_THREAD_M8_LEN,SH-01,length,10.0,mm,293.0,calculated,core.assembly stack,general ISO 2768-m,provisional design,not functionally critical,
SH01_COMPRESSOR_FINISHED_SEAT_DIA,SH-01,length,,mm,293.0,unresolved,measured bore and approved fit required,general ISO 2768-m,unresolved - do not model,not functionally critical,Do not machine the nominal envelope diameter.
SH01_TURBINE_FINISHED_SEAT_DIA,SH-01,length,,mm,293.0,unresolved,measured bore and approved fit required,general ISO 2768-m,unresolved - do not model,not functionally critical,Do not machine the nominal envelope diameter.
SH01_SHOULDER_FILLET_R,SH-01,length,0.4,mm,293.0,design,assembly record,max,provisional design,below bearing inner-ring chamfer,
SH01_MASS,SH-01,mass,0.146617,kg,293.0,calculated,stack sections x 7850 kg/m3,general ISO 2768-m,provisional design,not functionally critical,
ROT_MASS,ROTOR,mass,0.417429,kg,293.0,calculated,stack (wheel masses estimated),general ISO 2768-m,provisional design,not functionally critical,
ROT_CG_X,ROTOR,length,84.902521,mm,293.0,calculated,stack,general ISO 2768-m,provisional design,not functionally critical,
ROT_IP,ROTOR,inertia,0.000119,kg_m2,293.0,calculated,stack,general ISO 2768-m,provisional design,not functionally critical,
SL01_FRONT_SLEEVE_OD,SL-01,length,13.0,mm,293.0,design,assembly record,h6,provisional design,seal + ring abutment,
SL01_FRONT_SLEEVE_LEN,SL-01,length,5.0,mm,293.0,calculated,stack,+/-0.01 mm,provisional design,clamp stack length,
SL02_REAR_SPACER_OD,SL-02,length,13.5,mm,293.0,design,assembly record,general ISO 2768-m,provisional design,not functionally critical,
SL02_REAR_SPACER_LEN,SL-02,length,4.0,mm,293.0,design,assembly record,+/-0.01 mm,provisional design,sets turbine axial position vs NGV,
BR_BORE,BR-01/02,length,10.0,mm,293.0,supplied,Monton MTSV7000 listing,supplier,fixed purchased geometry,,
BR_OD,BR-01/02,length,26.0,mm,293.0,supplied,Monton MTSV7000 listing,supplier,fixed purchased geometry,,
BR_WIDTH,BR-01/02,length,8.0,mm,293.0,supplied,Monton MTSV7000 listing,supplier,fixed purchased geometry,,
BR01_CENTRE_X,BR-01,length,9.0,mm,293.0,calculated,stack,general ISO 2768-m,provisional design,not functionally critical,
BR02_CENTRE_X,BR-02,length,122.788718,mm,293.0,calculated,stack,general ISO 2768-m,provisional design,not functionally critical,
BC01_BORE,BC-01,length,26.0,mm,293.0,design,bearing OD,J6 (locating),provisional design,front bearing locates the rotor axially,
BC02_BORE,BC-02,length,26.0,mm,293.0,design,bearing OD,G6 (floating),provisional design,rear outer ring slides under wave-spring preload,
BC02_SPIGOT_OD,BC-02,length,48.0,mm,293.0,design,"NGV blank hub pocket 48 mm (blind, centre web)",g6,envelope only,locates rear carrier in NGV hub; hot,"Depends on the open NGV hub decision (IF-BC2-NG, NG01_HUB_THROUGH_BORE_FINISHED): bore the web and keep the pocket, remove the web, or support the rear bearing elsewhere."
BC_SUPPORT_STIFFNESS_TARGET,BC-01/02,stiffness,2.0,N/um,293.0,assumption,case rotor_support (soft elastomer mount),n/a,provisional design,rotordynamic design target; verify by test,
BC01_SLEEVE_OD,BC-01,length,,mm,293.0,unresolved,"sleeve OD = backplate pocket diameter, with O-ring grooves; not designed yet",general ISO 2768-m,unresolved - do not model,not functionally critical,The figure draws bearing OD + 6 mm as a placeholder; the stack envelope only bounds it by the tunnel ID.
TU01_OD,TU-01,length,50.8,mm,293.0,design,2 in tube stock (C02),stock,provisional design,not functionally critical,
TU01_WALL,TU-01,length,1.651,mm,293.0,design,0.065 in stock wall (C02),stock,provisional design,not functionally critical,
TU01_X0,TU-01,length,10.0,mm,293.0,calculated,stack,general ISO 2768-m,provisional design,not functionally critical,
TU01_X1,TU-01,length,117.788718,mm,293.0,calculated,stack,general ISO 2768-m,provisional design,not functionally critical,rear end slides in BC-02 (slip joint)
CS01_OD,CS-01,length,152.4,mm,293.0,design,DP-2 envelope,+/-0.3 mm,provisional design,rolled sheet,
CS01_WALL,CS-01,length,1.524,mm,293.0,design,0.060 in sheet (C01),stock,provisional design,not functionally critical,
CS01_X0,CS-01,length,-2.36,mm,293.0,calculated,stack,general ISO 2768-m,provisional design,not functionally critical,
CS01_X1,CS-01,length,137.264718,mm,293.0,calculated,stack,general ISO 2768-m,provisional design,not functionally critical,
CS01_FRONT_BOLTS,CS-01,count,12,count,293.0,design,assembly record,n/a,provisional design,,"M4 into backplate rim, equally spaced from 15 deg"
CS02_REAR_COVER_ID,CS-02,length,93.0,mm,293.0,design,NGV outer ring OD + 1 mm,+0.2/0 mm,provisional design,must clear the NGV outer ring; bolts on the flange land,
CB_DOME_X,CB-01,length,18.0,mm,293.0,calculated,stack,general ISO 2768-m,provisional design,not functionally critical,
CB02_OUTER_LINER_OD,CB-02,length,102.945831,mm,293.0,calculated,M20 (cold),+/-0.3 mm,provisional design,rolled sheet; annulus area,
CB02_OUTER_LINER_ID,CB-02,length,99.897831,mm,293.0,calculated,M20 (cold),+/-0.3 mm,provisional design,not functionally critical,
CB03_INNER_LINER_OD,CB-03,length,72.640538,mm,293.0,calculated,M20 (cold),+/-0.3 mm,provisional design,not functionally critical,
CB03_INNER_LINER_ID,CB-03,length,69.592538,mm,293.0,calculated,M20 (cold),+/-0.3 mm,provisional design,not functionally critical,
CB_LINER_LENGTH,CB-02/03,length,85.788718,mm,293.0,calculated,M20 (cold),+/-0.5 mm,provisional design,not functionally critical,
CB_LINER_WALL,CB-02/03,length,1.524,mm,293.0,design,0.060 in sheet (cold); M20 rated at this stock,stock,provisional design,not functionally critical,
CB_TRANSITION_LENGTH,CB-04/05,length,15.0,mm,293.0,design,assembly record,general ISO 2768-m,provisional design,not functionally critical,
CB04_OUTER_CONE_END_DIA,CB-04,length,87.0,mm,293.0,assumption,NGV vane tip diameter (assumed),fit to measured NGV outer ring,provisional design,,
CB05_INNER_CONE_END_DIA,CB-05,length,55.4,mm,293.0,supplied,NGV85 hub ring OD,slip fit +0.1/+0.3 mm,provisional design,thermal growth allowance,
CB_ZONE_PRIMARY_LEN,CB-02/03,length,25.736615,mm,293.0,calculated,M20 zone split (cold),general ISO 2768-m,provisional design,not functionally critical,
CB_ZONE_SECONDARY_LEN,CB-02/03,length,25.736615,mm,293.0,calculated,M20 zone split (cold),general ISO 2768-m,provisional design,not functionally critical,
CB_ZONE_DILUTION_LEN,CB-02/03,length,34.315487,mm,293.0,calculated,M20 zone split (cold),general ISO 2768-m,provisional design,not functionally critical,
CB_OUTER_PRIMARY_X,CB-02,length,14.155138,mm,293.0,calculated,postprocess.combustor_layout rule (x from dome face),+/-0.3 mm,provisional design,jet location,
CB_OUTER_PRIMARY_DIA,CB-02,length,3.541554,mm,293.0,calculated,M20 (cold),+/-0.05 mm,provisional design,flow area (sets branch split),
CB_OUTER_PRIMARY_COUNT,CB-02,count,16,count,293.0,calculated,M20,n/a,provisional design,,
CB_OUTER_SECONDARY_X,CB-02,length,38.604923,mm,293.0,calculated,postprocess.combustor_layout rule (x from dome face),+/-0.3 mm,provisional design,jet location,
CB_OUTER_SECONDARY_DIA,CB-02,length,4.873903,mm,293.0,calculated,M20 (cold),+/-0.05 mm,provisional design,flow area (sets branch split),
CB_OUTER_SECONDARY_COUNT,CB-02,count,16,count,293.0,calculated,M20,n/a,provisional design,,
CB_OUTER_DILUTION_X,CB-02,length,65.199426,mm,293.0,calculated,postprocess.combustor_layout rule (x from dome face),+/-0.3 mm,provisional design,jet location,
CB_OUTER_DILUTION_DIA,CB-02,length,5.636487,mm,293.0,calculated,M20 (cold),+/-0.05 mm,provisional design,flow area (sets branch split),
CB_OUTER_DILUTION_COUNT,CB-02,count,32,count,293.0,calculated,M20,n/a,provisional design,,
CB_OUTER_FILM1_X,CB-02,length,4.0,mm,293.0,calculated,postprocess.combustor_layout rule (x from dome face),+/-0.3 mm,provisional design,jet location,
CB_OUTER_FILM1_DIA,CB-02,length,1.176751,mm,293.0,calculated,M20 (cold),+/-0.05 mm,provisional design,flow area (sets branch split),
CB_OUTER_FILM1_COUNT,CB-02,count,40,count,293.0,calculated,M20,n/a,provisional design,,
CB_OUTER_FILM2_X,CB-02,length,25.736615,mm,293.0,calculated,postprocess.combustor_layout rule (x from dome face),+/-0.3 mm,provisional design,jet location,
CB_OUTER_FILM2_DIA,CB-02,length,1.176751,mm,293.0,calculated,M20 (cold),+/-0.05 mm,provisional design,flow area (sets branch split),
CB_OUTER_FILM2_COUNT,CB-02,count,40,count,293.0,calculated,M20,n/a,provisional design,,
CB_OUTER_FILM3_X,CB-02,length,51.473231,mm,293.0,calculated,postprocess.combustor_layout rule (x from dome face),+/-0.3 mm,provisional design,jet location,
CB_OUTER_FILM3_DIA,CB-02,length,1.176751,mm,293.0,calculated,M20 (cold),+/-0.05 mm,provisional design,flow area (sets branch split),
CB_OUTER_FILM3_COUNT,CB-02,count,40,count,293.0,calculated,M20,n/a,provisional design,,
CB_OUTER_FILM4_X,CB-02,length,80.641395,mm,293.0,calculated,postprocess.combustor_layout rule (x from dome face),+/-0.3 mm,provisional design,jet location,
CB_OUTER_FILM4_DIA,CB-02,length,1.176751,mm,293.0,calculated,M20 (cold),+/-0.05 mm,provisional design,flow area (sets branch split),
CB_OUTER_FILM4_COUNT,CB-02,count,40,count,293.0,calculated,M20,n/a,provisional design,,
CB_INNER_PRIMARY_X,CB-03,length,14.155138,mm,293.0,calculated,postprocess.combustor_layout rule (x from dome face),+/-0.3 mm,provisional design,jet location,
CB_INNER_PRIMARY_DIA,CB-03,length,3.040657,mm,293.0,calculated,M20 (cold),+/-0.05 mm,provisional design,flow area (sets branch split),
CB_INNER_PRIMARY_COUNT,CB-03,count,16,count,293.0,calculated,M20,n/a,provisional design,,
CB_INNER_SECONDARY_X,CB-03,length,38.604923,mm,293.0,calculated,postprocess.combustor_layout rule (x from dome face),+/-0.3 mm,provisional design,jet location,
CB_INNER_SECONDARY_DIA,CB-03,length,4.184566,mm,293.0,calculated,M20 (cold),+/-0.05 mm,provisional design,flow area (sets branch split),
CB_INNER_SECONDARY_COUNT,CB-03,count,16,count,293.0,calculated,M20,n/a,provisional design,,
CB_INNER_DILUTION_X,CB-03,length,65.199426,mm,293.0,calculated,postprocess.combustor_layout rule (x from dome face),+/-0.3 mm,provisional design,jet location,
CB_INNER_DILUTION_DIA,CB-03,length,5.587936,mm,293.0,calculated,M20 (cold),+/-0.05 mm,provisional design,flow area (sets branch split),
CB_INNER_DILUTION_COUNT,CB-03,count,24,count,293.0,calculated,M20,n/a,provisional design,,
CB_INNER_FILM1_X,CB-03,length,4.0,mm,293.0,calculated,postprocess.combustor_layout rule (x from dome face),+/-0.3 mm,provisional design,jet location,
CB_INNER_FILM1_DIA,CB-03,length,1.186559,mm,293.0,calculated,M20 (cold),+/-0.05 mm,provisional design,flow area (sets branch split),
CB_INNER_FILM1_COUNT,CB-03,count,29,count,293.0,calculated,M20,n/a,provisional design,,
CB_INNER_FILM2_X,CB-03,length,25.736615,mm,293.0,calculated,postprocess.combustor_layout rule (x from dome face),+/-0.3 mm,provisional design,jet location,
CB_INNER_FILM2_DIA,CB-03,length,1.186559,mm,293.0,calculated,M20 (cold),+/-0.05 mm,provisional design,flow area (sets branch split),
CB_INNER_FILM2_COUNT,CB-03,count,29,count,293.0,calculated,M20,n/a,provisional design,,
CB_INNER_FILM3_X,CB-03,length,51.473231,mm,293.0,calculated,postprocess.combustor_layout rule (x from dome face),+/-0.3 mm,provisional design,jet location,
CB_INNER_FILM3_DIA,CB-03,length,1.186559,mm,293.0,calculated,M20 (cold),+/-0.05 mm,provisional design,flow area (sets branch split),
CB_INNER_FILM3_COUNT,CB-03,count,29,count,293.0,calculated,M20,n/a,provisional design,,
CB_INNER_FILM4_X,CB-03,length,80.641395,mm,293.0,calculated,postprocess.combustor_layout rule (x from dome face),+/-0.3 mm,provisional design,jet location,
CB_INNER_FILM4_DIA,CB-03,length,1.186559,mm,293.0,calculated,M20 (cold),+/-0.05 mm,provisional design,flow area (sets branch split),
CB_INNER_FILM4_COUNT,CB-03,count,29,count,293.0,calculated,M20,n/a,provisional design,,
VP_COUNT,VP-01,count,8,count,293.0,calculated,M20 pitch rule,general ISO 2768-m,provisional design,not functionally critical,
VP_TUBE_OD_MODEL,VP-01,length,6.178839,mm,293.0,calculated,M20 sizing,rerate to stock,provisional design,see stock note,nearest stock 1/4 in (6.35 mm) x 0.035 in; rerate before release
VP_TUBE_ID_MODEL,VP-01,length,4.978839,mm,293.0,calculated,M20 sizing,general ISO 2768-m,provisional design,not functionally critical,
VP_CRIMP_DIA,VP-01,length,4.788475,mm,293.0,calculated,M20 pressure allocation,+/-0.05 mm,provisional design,not functionally critical,
VP_SCOOP_DIA,VP-01,length,3.084905,mm,293.0,calculated,M20 pressure allocation,+/-0.05 mm,provisional design,not functionally critical,
VP_STRAIGHT_LEG,VP-01,length,51.473231,mm,293.0,design,J-stick rule 0.6 L,general ISO 2768-m,provisional design,not functionally critical,
VP_BEND_RADIUS,VP-01,length,9.268258,mm,293.0,calculated,M20 1.5 x OD,general ISO 2768-m,provisional design,not functionally critical,
VP_FIRST_ANGLE,VP-01,angle,0.0,deg,293.0,design,clocking rule: vaporizer 0 at top dead centre,general ISO 2768-m,provisional design,not functionally critical,
IG_ANGLE,IG-01,angle,22.5,deg,293.0,design,midway between vaporizers 0 and 1,general ISO 2768-m,provisional design,not functionally critical,
IG_X_FROM_DOME,IG-01,length,12.868308,mm,293.0,design,mid primary zone,general ISO 2768-m,provisional design,not functionally critical,
NG01_HUB_THROUGH_BORE_FINISHED,NG-01,length,,mm,293.0,unresolved,JETMAX blank drawing has a centre web; finished carrier/shaft passage is not defined,general ISO 2768-m,unresolved - do not model,not functionally critical,Requires machining plan and remaining-web/hub strength review before CAD release.
NG01_HUB_DIA,NG-01,length,55.4,mm,293.0,supplied,JETMAX NGV85 blank drawing,supplier,fixed purchased geometry,,
NG01_TIP_DIA,NG-01,length,87.0,mm,293.0,assumption,"inferred, not dimensioned",measure,envelope only,,
NG01_FLANGE_OD,NG-01,length,104.0,mm,293.0,supplied,JETMAX NGV85 blank drawing,supplier,fixed purchased geometry,,
NG01_SHROUD_BORE_FINISH,NG-01,length,85.7,mm,293.0,design,wheel tip + 2 x cold clearance,+0.02/0 mm,provisional design,sets turbine tip clearance; machine after measuring wheel,
NG01_BOLT_PCD,NG-01,length,98.0,mm,293.0,design,assembly record,+/-0.1 mm,provisional design,hole edge distance on a 6 mm land,
NG01_BOLTS,NG-01,count,12,count,293.0,design,assembly record,n/a,provisional design,,M3 A286 or equivalent hot-strength bolts
NG01_BOLT_HOLE,NG-01,length,3.4,mm,293.0,design,M3 clearance,general ISO 2768-m,provisional design,not functionally critical,
NG01_FRONT_X,NG-01,length,118.788718,mm,293.0,calculated,stack (casting front face),general ISO 2768-m,provisional design,not functionally critical,
NG01_VANE_LE_X,NG-01,length,124.788718,mm,293.0,calculated,stack (vane TE one axial gap ahead of the rotor),general ISO 2768-m,provisional design,not functionally critical,
NG01_FLANGE_FRONT_X,NG-01,length,138.788718,mm,293.0,calculated,stack (casing rear cover face),general ISO 2768-m,provisional design,not functionally critical,
NG01_VANE_COUNT,NG-01,count,20,count,293.0,assumption,drawing estimate,count part,envelope only,,
NG01_EXIT_ANGLE,NG-01,angle,65.0,deg,293.0,assumption,typical value,measure,envelope only,,
NG01_THROAT_AREA_ASSUMED,NG-01,area,1493.603122,mm2,293.0,assumption,annulus x cos(assumed angle),measure,envelope only,highest-value measurement,
TR01_TIP_DIA,TR-01,length,85.0,mm,293.0,supplied,JETMAX TW85 finished drawing,supplier,fixed purchased geometry,,
TR01_HUB_DIA,TR-01,length,55.0,mm,293.0,supplied,JETMAX TW85 finished drawing,supplier,fixed purchased geometry,,
TR01_BORE_DIA,TR-01,length,9.99,mm,293.0,supplied,JETMAX TW85 finished drawing,supplier,fixed purchased geometry,,
TR01_BOSS_DIA,TR-01,length,14.0,mm,293.0,supplied,JETMAX TW85 finished drawing,supplier,fixed purchased geometry,,
TR01_RIM_WIDTH,TR-01,length,7.5,mm,293.0,supplied,JETMAX TW85 finished drawing,supplier,fixed purchased geometry,,
TR01_BOSS_LENGTH,TR-01,length,19.0,mm,293.0,supplied,JETMAX TW85 finished drawing,supplier,fixed purchased geometry,,
TR01_BOSS_SIDE_A,TR-01,length,8.0,mm,293.0,supplied,JETMAX TW85 finished drawing,supplier,fixed purchased geometry,,
TR01_ROTOR_LE_X,TR-01,length,138.788718,mm,293.0,calculated,stack,general ISO 2768-m,provisional design,not functionally critical,
TR01_BLADE_COUNT,TR-01,count,30,count,293.0,assumption,drawing estimate,count,envelope only,,
TR01_MASS,TR-01,mass,0.17,kg,293.0,calculated,envelope estimate,weigh,envelope only,,
TR01_IP,TR-01,inertia,8.4e-05,kg_m2,293.0,calculated,envelope estimate,measure,envelope only,,
TR01_BLADE_SECTIONS,TR-01,length,,mm,293.0,unresolved,not published,general ISO 2768-m,unresolved - do not model,not functionally critical,Do not model purchased blade profiles from guesses; scan or obtain supplier CAD.
EX01_ENTRY_DIA,EX-01,length,85.7,mm,293.0,design,shroud bore,general ISO 2768-m,provisional design,not functionally critical,
EX01_EXIT_DIA,EX-01,length,54.0,mm,293.0,design,matched nozzle area (case),+/-0.2 mm,provisional design,area +/-0.75 % moves T04 (see robustness),
EX01_LENGTH,EX-01,length,80.0,mm,293.0,design,assembly record,general ISO 2768-m,provisional design,not functionally critical,
EX01_HALF_ANGLE,EX-01,angle,11.206598,deg,293.0,calculated,contour,general ISO 2768-m,provisional design,not functionally critical,
EX02_TAILCONE_LENGTH,EX-02,length,40.0,mm,293.0,design,assembly record,general ISO 2768-m,provisional design,not functionally critical,
EX02_TAILCONE_BASE_DIA,EX-02,length,55.0,mm,293.0,supplied,turbine hub diameter,general ISO 2768-m,provisional design,not functionally critical,
IN01_LIP_RADIUS,IN-01,length,8.0,mm,293.0,design,assembly record,general ISO 2768-m,provisional design,not functionally critical,
IN01_LENGTH,IN-01,length,25.0,mm,293.0,design,assembly record,general ISO 2768-m,provisional design,not functionally critical,
ENGINE_LENGTH,ASSY,length,297.788718,mm,293.0,calculated,inlet lip to nozzle exit,general ISO 2768-m,provisional design,not functionally critical,
