speed_line_rpm_corrected,record,Q_corr_lb_min,PR,eta_isen_tt,confidence,note
55864,line,8.000,1.3600,,digitized,
55864,line,9.000,1.3611,,digitized,
55864,line,10.000,1.3620,,digitized,
55864,line,11.000,1.3611,,digitized,
55864,line,12.000,1.3552,,digitized,
55864,line,13.000,1.3474,,digitized,
55864,line,14.000,1.3395,,digitized,
55864,line,15.000,1.3297,,digitized,
55864,line,16.000,1.3219,,digitized,
55864,line,17.000,1.3140,,digitized,
55864,line,18.000,1.3063,,digitized,
55864,line,19.000,1.2935,,digitized,
55864,line,20.000,1.2789,,digitized,
55864,line,21.000,1.2622,,digitized,
55864,line,22.000,1.2476,,digitized,
55864,line,23.000,1.2319,,digitized,
55864,line,24.000,1.2162,,digitized,
55864,line,25.240,1.1890,,digitized,
55864,eta,8.000,,0.590,estimated,surge end; just inside 60% contour
55864,eta,8.860,,0.600,detected,
55864,eta,10.420,,0.650,detected,
55864,eta,11.420,,0.680,detected,
55864,eta,12.190,,0.700,detected,
55864,eta,13.230,,0.720,detected,
55864,eta,14.670,,0.740,detected,
55864,eta,17.020,,0.750,estimated,dashed peak locus; between 74% and 76% contours
55864,eta,19.490,,0.740,detected,
55864,eta,20.770,,0.720,detected,
55864,eta,21.930,,0.700,detected,
55864,eta,22.650,,0.680,detected,
55864,eta,23.790,,0.650,detected,
55864,eta,24.920,,0.600,detected,
55864,eta,25.240,,0.580,convention,line end; Garrett choke definition ~58%
70724,line,10.610,1.6100,,digitized,
70724,line,12.620,1.6135,,digitized,
70724,line,14.630,1.6125,,digitized,
70724,line,16.630,1.5998,,digitized,
70724,line,18.640,1.5802,,digitized,
70724,line,20.650,1.5540,,digitized,
70724,line,22.660,1.5362,,digitized,
70724,line,24.660,1.5100,,digitized,
70724,line,26.670,1.4746,,digitized,
70724,line,28.680,1.4276,,digitized,
70724,line,30.690,1.3679,,digitized,
70724,line,32.700,1.3102,,digitized,
70724,eta,10.610,,0.590,estimated,surge end
70724,eta,10.970,,0.600,detected,
70724,eta,13.140,,0.650,detected,
70724,eta,14.430,,0.680,detected,
70724,eta,15.320,,0.700,detected,
70724,eta,16.420,,0.720,detected,
70724,eta,17.710,,0.740,detected,
70724,eta,19.410,,0.760,detected,
70724,eta,20.670,,0.770,detected,
70724,eta,22.570,,0.775,estimated,dashed peak locus inside 77% island; peak value not printed
70724,eta,24.550,,0.770,detected,
70724,eta,25.720,,0.760,detected,
70724,eta,27.140,,0.740,detected,
70724,eta,28.090,,0.720,detected,
70724,eta,29.110,,0.700,detected,
70724,eta,29.850,,0.680,detected,
70724,eta,30.690,,0.650,detected,
70724,eta,32.050,,0.600,detected,
70724,eta,32.700,,0.580,convention,line end; Garrett choke definition ~58%
85564,line,13.770,1.9200,,digitized,
85564,line,16.280,1.9413,,digitized,
85564,line,18.560,1.9501,,digitized,
85564,line,20.560,1.9423,,digitized,
85564,line,22.840,1.9207,,digitized,
85564,line,25.410,1.8914,,digitized,
85564,line,27.550,1.8600,,digitized,
85564,line,29.110,1.8366,,digitized,
85564,line,31.680,1.7890,,digitized,
85564,line,33.680,1.7407,,digitized,
85564,line,35.670,1.6790,,digitized,
85564,line,37.390,1.6037,,digitized,
85564,line,38.810,1.5362,,digitized,
85564,line,40.090,1.4706,,digitized,
85564,eta,13.770,,0.590,estimated,surge end
85564,eta,14.040,,0.600,detected,
85564,eta,16.760,,0.650,detected,
85564,eta,18.240,,0.680,detected,
85564,eta,19.340,,0.700,detected,
85564,eta,20.680,,0.720,detected,
85564,eta,22.100,,0.740,detected,
85564,eta,24.020,,0.760,detected,
85564,eta,25.340,,0.770,detected,
85564,eta,28.500,,0.775,estimated,peak locus hidden under 77% label
85564,eta,31.500,,0.770,estimated,77% right branch hidden under labels; +/-1 lb/min
85564,eta,33.240,,0.760,detected,
85564,eta,34.620,,0.740,detected,
85564,eta,35.620,,0.720,detected,
85564,eta,36.520,,0.700,detected,
85564,eta,37.230,,0.680,detected,
85564,eta,38.130,,0.650,detected,
85564,eta,39.500,,0.600,detected,
85564,eta,40.090,,0.580,convention,line end
100452,line,19.990,2.3444,,digitized,
100452,line,21.980,2.3542,,digitized,
100452,line,24.840,2.3680,,digitized,
100452,line,27.400,2.3669,,digitized,
100452,line,29.680,2.3523,,digitized,
100452,line,31.970,2.3278,,digitized,
100452,line,34.530,2.2867,,digitized,
100452,line,37.100,2.2231,,digitized,
100452,line,39.670,2.1321,,digitized,
100452,line,41.660,2.0411,,digitized,
100452,line,43.090,1.9589,,digitized,
100452,line,44.230,1.8500,,digitized,
100452,line,45.660,1.7530,,digitized,
100452,line,46.230,1.7010,,digitized,
100452,eta,19.990,,0.590,estimated,surge end
100452,eta,21.390,,0.600,detected,
100452,eta,23.240,,0.650,detected,
100452,eta,24.750,,0.680,detected,
100452,eta,26.290,,0.700,detected,
100452,eta,28.040,,0.720,detected,
100452,eta,30.410,,0.740,detected,
100452,eta,32.310,,0.760,detected,
100452,eta,33.700,,0.770,estimated,77% left branch not resolved; interpolated
100452,eta,35.120,,0.775,detected,dashed peak locus
100452,eta,37.000,,0.770,estimated,hidden under 74% label
100452,eta,38.300,,0.760,estimated,hidden under 74% label
100452,eta,39.500,,0.740,estimated,hidden under 74% label
100452,eta,40.950,,0.720,detected,
100452,eta,42.110,,0.700,detected,
100452,eta,43.110,,0.680,detected,
100452,eta,43.710,,0.650,detected,
100452,eta,45.700,,0.600,detected,an ambiguous crossing at 44.62 was discarded
100452,eta,46.230,,0.580,convention,line end
115226,line,29.520,2.9220,,digitized,
115226,line,32.940,2.9090,,digitized,
115226,line,36.750,2.8875,,digitized,
115226,line,39.410,2.8405,,digitized,
115226,line,41.690,2.7950,,digitized,
115226,line,43.970,2.7130,,digitized,
115226,line,45.870,2.6240,,digitized,
115226,line,47.390,2.5260,,digitized,
115226,line,48.720,2.4030,,digitized,
115226,line,49.670,2.2730,,digitized,
115226,line,50.240,2.1420,,digitized,
115226,line,50.510,2.0421,,digitized,
115226,eta,29.520,,0.590,low,surge end
115226,eta,31.820,,0.650,low,
115226,eta,33.740,,0.680,low,
115226,eta,36.380,,0.700,low,
115226,eta,40.400,,0.745,low,apparent peak; line passes above 76% island top
115226,eta,46.730,,0.680,low,
115226,eta,48.690,,0.650,low,
115226,eta,50.270,,0.600,low,
115226,eta,50.510,,0.580,convention,line end
130197,line,35.340,3.4980,,digitized,
130197,line,37.890,3.4560,,digitized,
130197,line,40.930,3.3980,,digitized,
130197,line,43.970,3.3330,,digitized,
130197,line,46.630,3.2430,,digitized,
130197,line,48.720,3.1360,,digitized,
130197,line,50.430,3.0070,,digitized,
130197,line,51.570,2.8600,,digitized,
130197,line,52.330,2.6970,,digitized,
130197,line,52.790,2.5340,,digitized,
130197,line,52.940,2.4690,,digitized,
130197,eta,35.340,,0.590,low,surge end
130197,eta,39.650,,0.650,low,
130197,eta,44.950,,0.700,low,apparent peak region
130197,eta,51.000,,0.620,low,
130197,eta,52.940,,0.580,convention,line end
144956,line,37.810,4.0078,,digitized,
144956,line,39.030,3.9980,,digitized,
144956,line,41.690,3.9677,,digitized,
144956,line,43.970,3.9374,,digitized,
144956,line,45.870,3.8992,,digitized,
144956,line,47.770,3.8190,,digitized,
144956,line,49.290,3.7241,,digitized,
144956,line,50.810,3.5780,,digitized,
144956,line,51.950,3.4310,,digitized,
144956,line,53.100,3.2583,,digitized,
144956,line,53.860,3.1210,,digitized,
144956,line,54.240,3.0665,,digitized,
144956,eta,37.810,,0.580,low,surge end
144956,eta,45.000,,0.630,low,visual estimate; between 60% and 65%
144956,eta,54.240,,0.580,convention,line end
