case,group,basis,N_rpm,status,first_failure,model_validity,T04_K,dT04_K,beta,mdot_kg_s,PR,SM_flow,eta_c,eta_t,thrust_N,fuel_kg_h,ngv_frac,rotor_frac,method,no_match_reason
nominal,reference,nominal assumptions,66000,unresolved,turbine model validity: Reynolds number outside Soderberg correction comfort range,turbine model validity: Reynolds number outside Soderberg correction comfort range,847.3215957295349,0.0,0.659548360596958,0.19417241660930382,1.4577360377769661,0.5800222034266025,0.760426802780015,0.8450284730687766,38.57149849265327,9.233394600401663,0.7275786353589873,0.6942986649702377,continuation,
nominal,reference,nominal assumptions,68000,feasible,,,848.0155183640301,0.0,0.6615936102343245,0.2009024792341672,1.4864674292413245,0.579827873867132,0.76342161814582,0.8462482432507932,41.16407898751077,9.52869491335246,0.7398510317058073,0.7091940977098481,continuation,
nominal,reference,nominal assumptions,56000,unresolved,turbine model validity: Reynolds number outside Soderberg correction comfort range,turbine model validity: Reynolds number outside Soderberg correction comfort range,849.8072027386426,0.0,0.6311253222755815,0.1580875808479691,1.31758059159703,0.5751820631082349,0.7466016229283642,0.8383550947485617,26.171461951492862,7.715775392046296,0.6503957394281137,0.6048714410896486,continuation,
NGV exit angle 58 deg (larger throat),turbine geometry,record range,66000,unresolved,turbine model validity: Reynolds number outside Soderberg correction comfort range,turbine model validity: Reynolds number outside Soderberg correction comfort range,950.4057202147458,103.08412448521085,0.6967401837763775,0.20041284406176052,1.4443809598426276,0.5933235160865507,0.752009841438701,0.8410864854294329,46.46942322196616,11.626911146382252,0.6441536944108148,0.7365546167220804,continuation,
NGV exit angle 58 deg (larger throat),turbine geometry,record range,68000,unresolved,turbine model validity: Reynolds number outside Soderberg correction comfort range,turbine model validity: Reynolds number outside Soderberg correction comfort range,952.2207795522957,104.20526118826558,0.6986073737917383,0.20729811680910137,1.4724398110799268,0.593029692373847,0.7547138298656668,0.8421556201593079,49.62619610939489,12.02482694414804,0.6555509272797408,0.7514344504356455,continuation,
NGV exit angle 58 deg (larger throat),turbine geometry,record range,56000,unresolved,turbine model validity: Reynolds number outside Soderberg correction comfort range,turbine model validity: Reynolds number outside Soderberg correction comfort range,945.3528103628419,95.5456076241993,0.6702330135815375,0.163657330479914,1.3076366922198568,0.589801998303533,0.7419577101533275,0.8352024256101498,31.42488697524146,9.576540933739553,0.5733131936978917,0.6456710813989938,continuation,
NGV exit angle 72 deg (smaller throat),turbine geometry,record range,66000,unresolved,turbine model validity: Reynolds number outside Soderberg correction comfort range,turbine model validity: Reynolds number outside Soderberg correction comfort range,757.226100104091,-90.09549562544396,0.5583514565158418,0.17714127269175164,1.4868870711481013,0.5389951118998116,0.7694980923359865,0.839767042302317,28.450686321683595,6.829837286562969,0.8326200862128709,0.6296144868547436,continuation,
NGV exit angle 72 deg (smaller throat),turbine geometry,record range,68000,unresolved,turbine model validity: Reynolds number outside Soderberg correction comfort range,turbine model validity: Reynolds number outside Soderberg correction comfort range,757.0238874522493,-90.99163091178082,0.5597589020501832,0.18324932810726643,1.5173943262412923,0.5386531005838595,0.772976698676936,0.8410907098060213,30.314334148466262,7.025974648475025,0.8448605429811354,0.6438858080960509,continuation,
NGV exit angle 72 deg (smaller throat),turbine geometry,record range,56000,unresolved,turbine model validity: Reynolds number outside Soderberg correction comfort range,turbine model validity: Reynolds number outside Soderberg correction comfort range,765.0808393427999,-84.72636339584267,0.53059659592343,0.14374065128855107,1.3363672019521464,0.5323356822304786,0.7525486673378109,0.8324358669757319,19.34516965255631,5.800938690935519,0.7512126762078658,0.5438671111337398,continuation,
rotor exit angle -50 deg (less turning),turbine geometry,record range,66000,unresolved,turbine model validity: Reynolds number outside Soderberg correction comfort range,turbine model validity: Reynolds number outside Soderberg correction comfort range,942.8947536298717,95.57315790033681,0.662942553797017,0.19474236254325022,1.4565807843102543,0.5812720780614415,0.7597758217605799,0.8335948368006842,43.538383610578855,11.138218536542738,0.7747391559173615,0.6255607884471537,continuation,
rotor exit angle -50 deg (less turning),turbine geometry,record range,68000,unresolved,turbine model validity: Reynolds number outside Soderberg correction comfort range,turbine model validity: Reynolds number outside Soderberg correction comfort range,944.0903377921007,96.07481942807067,0.6644184419478499,0.20139098596909394,1.485454682346938,0.58086553068938,0.7628324741692858,0.8347463242577545,46.448450216409576,11.504036062932201,0.7874816831910173,0.6396184172993998,continuation,
rotor exit angle -50 deg (less turning),turbine geometry,record range,56000,unresolved,turbine model validity: Reynolds number outside Soderberg correction comfort range,turbine model validity: Reynolds number outside Soderberg correction comfort range,944.5348988971884,94.72769615854588,0.6364660076186474,0.1588485976664895,1.316257262461523,0.5772397574274333,0.7460523205599914,0.8269086910198963,29.588988432559187,9.273227294138486,0.6936121505981845,0.5421932551065565,continuation,
rotor exit angle -65 deg (more turning),turbine geometry,record range,66000,feasible,,,762.0056418075164,-85.31595392201848,0.6357229365247135,0.19016929467380334,1.4654784975052306,0.5710342411674287,0.7641285603502959,0.8537132195457088,32.99558534306795,7.443947593135221,0.6674340965256181,0.7724907384472742,continuation,
rotor exit angle -65 deg (more turning),turbine geometry,record range,68000,feasible,,,761.9899609959402,-86.02555736808984,0.6382702729908271,0.19686661044936385,1.4944544671601516,0.5710599848914928,0.7674192922065478,0.8548990662316024,35.21364788792018,7.668475247606998,0.6786571301414505,0.787688540469676,continuation,
rotor exit angle -65 deg (more turning),turbine geometry,record range,56000,unresolved,turbine model validity: Reynolds number outside Soderberg correction comfort range,turbine model validity: Reynolds number outside Soderberg correction comfort range,766.0606146285113,-83.74658811013126,0.6065739453645105,0.15458758657654526,1.3236132551211814,0.5654591548696235,0.7488647965929459,0.8473139729304471,22.395832859300143,6.266678223483912,0.5972399912250738,0.6792044379404434,continuation,
"NGV throat -5 % (casting/finish tolerance, illustrative)",tolerance,illustrative,66000,unresolved,turbine model validity: Reynolds number outside Soderberg correction comfort range,turbine model validity: Reynolds number outside Soderberg correction comfort range,828.4783376773222,-18.843258052212718,0.6472424412240494,0.1921053128091111,1.4618154546047974,0.5754274313810537,0.7625630013128032,0.8449079929821044,36.85546680228899,8.77265521542836,0.7459582869056195,0.6842633167805979,continuation,
"NGV throat -5 % (casting/finish tolerance, illustrative)",tolerance,illustrative,68000,feasible,,,828.8694700944169,-19.146048269613175,0.6493061127276992,0.19877680334733977,1.4907591322429914,0.5752538259975721,0.765757379092747,0.8461658582593435,39.322802138371266,9.046962197747348,0.7583252497874026,0.6990869446550426,continuation,
"NGV throat -5 % (casting/finish tolerance, illustrative)",tolerance,illustrative,56000,unresolved,turbine model validity: Reynolds number outside Soderberg correction comfort range,turbine model validity: Reynolds number outside Soderberg correction comfort range,832.3887969889834,-17.4184057496592,0.6189416859757961,0.1563510260572269,1.3206135884726526,0.5704120591822411,0.747774139267251,0.8380524157438678,25.039715249087564,7.35759497267184,0.6678387565806437,0.5955188661333598,continuation,
NGV throat +5 % (illustrative),tolerance,illustrative,66000,unresolved,turbine model validity: Reynolds number outside Soderberg correction comfort range,turbine model validity: Reynolds number outside Soderberg correction comfort range,866.7494980575053,19.4279023279704,0.6698433533166995,0.19590086439157767,1.4541922570140502,0.5837904220152856,0.758386363862078,0.8448162639246926,40.226564243231564,9.698095871506673,0.7098317116502554,0.7036773756026115,continuation,
NGV throat +5 % (illustrative),tolerance,illustrative,68000,unresolved,turbine model validity: Reynolds number outside Soderberg correction comfort range,turbine model validity: Reynolds number outside Soderberg correction comfort range,867.7394679150274,19.723949550997304,0.6718501248579838,0.2026758548018652,1.4827441493763402,0.5835711204014952,0.7612133009533326,0.8459988011407102,42.939492032046154,10.014482469515535,0.7219763175634889,0.7186179119860501,continuation,
NGV throat +5 % (illustrative),tolerance,illustrative,56000,unresolved,turbine model validity: Reynolds number outside Soderberg correction comfort range,turbine model validity: Reynolds number outside Soderberg correction comfort range,867.7311042791957,17.923901540553175,0.6416208093930793,0.1595830105546422,1.3149871091944796,0.5792070161562957,0.7454940062061073,0.8383224408192581,27.269543264373574,8.076864640583395,0.6337561559069332,0.6137512404519969,continuation,
turbine losses x1.5 (Soderberg extrapolated to low Re),turbine losses,illustrative,66000,unresolved,turbine model validity: Reynolds number outside Soderberg correction comfort range,turbine model validity: Reynolds number outside Soderberg correction comfort range,870.4641530592322,23.142557329697297,0.6342597468341635,0.18992331502394796,1.465934778302331,0.5704697089930318,0.7642899124733752,0.7951621182172705,38.00769356038373,9.462145140686781,0.7384805224701569,0.7081287659722173,continuation,
turbine losses x1.5 (Soderberg extrapolated to low Re),turbine losses,illustrative,68000,unresolved,turbine model validity: Reynolds number outside Soderberg correction comfort range,turbine model validity: Reynolds number outside Soderberg correction comfort range,870.5562973974962,22.54077903346615,0.6365690276056115,0.19657205443875855,1.4950106869653697,0.570406098680655,0.7676290077712218,0.7968353022615767,40.56267301274282,9.757659514921507,0.7505517121672404,0.7228538602074343,continuation,
turbine losses x1.5 (Soderberg extrapolated to low Re),turbine losses,illustrative,56000,unresolved,turbine model validity: Reynolds number outside Soderberg correction comfort range,turbine model validity: Reynolds number outside Soderberg correction comfort range,875.8838033475083,26.07660060886576,0.605259448623365,0.15440012279244897,1.3239222974639737,0.5649260162832361,0.7489742568828349,0.7859146412686504,25.790188240270044,7.931682986539715,0.6622631396027535,0.6190373781014655,continuation,
turbine losses x2.0,turbine losses,illustrative,66000,unresolved,turbine model validity: Reynolds number outside Soderberg correction comfort range,turbine model validity: Reynolds number outside Soderberg correction comfort range,895.7442892684629,48.422693538928,0.6081552497483205,0.18553223093946228,1.473866103886402,0.5601422612240546,0.7666067120621378,0.75000070805084,37.42608827967759,9.706189834341645,0.748499667257724,0.7212169843128837,continuation,
turbine losses x2.0,turbine losses,illustrative,68000,unresolved,turbine model validity: Reynolds number outside Soderberg correction comfort range,turbine model validity: Reynolds number outside Soderberg correction comfort range,895.4626465848944,47.44712822086433,0.6105516677585863,0.19206449244940763,1.503258955730878,0.5601518305622166,0.7699886698301056,0.7520446639660097,39.9430626002078,10.005657587627638,0.7603783800928556,0.7357762815100765,continuation,
turbine losses x2.0,turbine losses,illustrative,56000,unresolved,turbine model validity: Reynolds number outside Soderberg correction comfort range,turbine model validity: Reynolds number outside Soderberg correction comfort range,903.3848048459145,53.5776021072719,0.5781675490555083,0.15053487809150282,1.329531963944516,0.5536390921234927,0.7509159699531751,0.7386712641526271,25.348294372606677,8.144509852631208,0.6728685700482945,0.6320311282611772,continuation,
tip clearance 0.50 mm,turbine losses,record range,66000,unresolved,turbine model validity: Reynolds number outside Soderberg correction comfort range,turbine model validity: Reynolds number outside Soderberg correction comfort range,860.9700652761894,13.648469546654496,0.6537232668931107,0.19319407858996815,1.4596884393498843,0.5778596954970414,0.7614871548218949,0.8295583137723607,38.85229805478912,9.447795849563422,0.7288853909777155,0.6964591580888343,continuation,
tip clearance 0.50 mm,turbine losses,record range,68000,unresolved,turbine model validity: Reynolds number outside Soderberg correction comfort range,turbine model validity: Reynolds number outside Soderberg correction comfort range,861.582540654762,13.567022290731984,0.6557713641231991,0.19989541364046637,1.4885240947254543,0.5776728736216382,0.7645802513320163,0.8308169633573648,41.462890702753946,9.749363671035564,0.7410982944226117,0.7113150706458152,continuation,
tip clearance 0.50 mm,turbine losses,record range,56000,unresolved,turbine model validity: Reynolds number outside Soderberg correction comfort range,turbine model validity: Reynolds number outside Soderberg correction comfort range,863.7698215093925,13.962618770749941,0.6254641586839431,0.15728076415905837,1.3189918828652354,0.5729789095972846,0.7471577038977493,0.8229053899443299,26.361793361108727,7.893981932737431,0.6519332024061292,0.6071083129802468,continuation,
tip-leakage factor K_tip 3.0,turbine losses,illustrative,66000,unresolved,turbine model validity: Reynolds number outside Soderberg correction comfort range,turbine model validity: Reynolds number outside Soderberg correction comfort range,863.3187003986945,15.997104669159626,0.6527274590963218,0.19302680510228434,1.460018366066537,0.5774877808711981,0.761660155372606,0.8269633874496825,38.899998339180236,9.48458535943155,0.7291075265146016,0.6968268314934415,continuation,
tip-leakage factor K_tip 3.0,turbine losses,illustrative,68000,unresolved,turbine model validity: Reynolds number outside Soderberg correction comfort range,turbine model validity: Reynolds number outside Soderberg correction comfort range,863.9170765176146,15.901558153584574,0.6547758919457026,0.19972320043040287,1.4888715817325564,0.577302202597958,0.7647696692297601,0.8282285075511359,41.51363937514144,9.787225707421253,0.7413103053363249,0.7116759557544261,continuation,
tip-leakage factor K_tip 3.0,turbine losses,illustrative,56000,unresolved,turbine model validity: Reynolds number outside Soderberg correction comfort range,turbine model validity: Reynolds number outside Soderberg correction comfort range,866.1690818100973,16.361879071454723,0.6245016873104298,0.15714358121585745,1.3192318629525308,0.5726020700753949,0.7472503421966067,0.8203136430530772,26.394261800405257,7.924546859622675,0.6521953799908522,0.6074901448455741,continuation,
"incidence loss active, metal angle 10 deg off design flow",turbine losses,illustrative,66000,unresolved,turbine model validity: Reynolds number outside Soderberg correction comfort range,turbine model validity: Reynolds number outside Soderberg correction comfort range,848.4811018209462,1.159506091411231,0.6584425123163253,0.19398670625856082,1.4581096292424283,0.5796133737512228,0.7606339920694293,0.8425528214667506,38.555362614585384,9.24659890988202,0.7271616363208214,0.694284696517083,continuation,
"incidence loss active, metal angle 10 deg off design flow",turbine losses,illustrative,68000,unresolved,turbine model validity: Reynolds number outside Soderberg correction comfort range,turbine model validity: Reynolds number outside Soderberg correction comfort range,849.3993345410337,1.3838161770036095,0.6602675821992189,0.20067314252828833,1.4869394812906578,0.5793390045974478,0.7636925356387062,0.8432675400947524,41.143716573358624,9.545036523019027,0.7393296261842044,0.7091823399045919,continuation,
"incidence loss active, metal angle 10 deg off design flow",turbine losses,illustrative,56000,unresolved,turbine model validity: Reynolds number outside Soderberg correction comfort range,turbine model validity: Reynolds number outside Soderberg correction comfort range,850.4101761989479,0.602973460305293,0.6305774616727906,0.1580095069466616,1.3177169650292235,0.5749698464156435,0.7466562545295319,0.8371283582802641,26.16555411512892,7.721308628496024,0.6502353510688127,0.6048549992634615,continuation,
compressor efficiency -0.04 (billet wheel / vaned diffuser),compressor map,map record,66000,unresolved,turbine model validity: Reynolds number outside Soderberg correction comfort range,turbine model validity: Reynolds number outside Soderberg correction comfort range,882.7021714695046,35.380575739969686,0.6442855222001508,0.19160845318503059,1.462770024150691,0.5743083591278202,0.7230109073328617,0.8426165906631324,39.16546257819371,9.743877244042466,0.730857471441708,0.6997455031759496,continuation,
compressor efficiency -0.04 (billet wheel / vaned diffuser),compressor map,map record,68000,unresolved,turbine model validity: Reynolds number outside Soderberg correction comfort range,turbine model validity: Reynolds number outside Soderberg correction comfort range,883.0279890615903,35.012470697560275,0.6463875156481689,0.1982717195260858,1.491751168816402,0.5741526973320782,0.7262435180925286,0.8439315853135277,41.78646765406528,10.049297241762362,0.7429677867898127,0.7145190293404874,continuation,
compressor efficiency -0.04 (billet wheel / vaned diffuser),compressor map,map record,56000,unresolved,turbine model validity: Reynolds number outside Soderberg correction comfort range,turbine model validity: Reynolds number outside Soderberg correction comfort range,886.5953023528045,36.78809961416198,0.6161939029998391,0.15595929251721566,1.321291241287996,0.5693214361890995,0.7080255991456876,0.8356343551142553,26.605738837820912,8.157512680365395,0.6543381821212892,0.610631387213689,continuation,
compressor efficiency +0.02,compressor map,map record,66000,unresolved,turbine model validity: Reynolds number outside Soderberg correction comfort range,turbine model validity: Reynolds number outside Soderberg correction comfort range,831.2766941818485,-16.044901547686436,0.6666241789467471,0.1953604759394353,1.455313103276127,0.5826194124014952,0.7790473311772028,0.8460543884831944,38.291468379926414,9.000123974163394,0.7260317350876951,0.6917383506051553,continuation,
compressor efficiency +0.02,compressor map,map record,68000,feasible,,,832.1217210558406,-15.893797308189505,0.6686456727360348,0.20212189088186433,1.483921075896403,0.5824087982454389,0.7819236380681706,0.8472318971737174,40.87026448414851,9.290569715705539,0.7383792697295467,0.7066878004681882,continuation,
compressor efficiency +0.02,compressor map,map record,56000,unresolved,turbine model validity: Reynolds number outside Soderberg correction comfort range,turbine model validity: Reynolds number outside Soderberg correction comfort range,833.1332901592781,-16.67391257936447,0.6381468518092028,0.15908808284870343,1.315843883573126,0.5778832463404632,0.765873184933382,0.8395154822284884,25.971039055717128,7.5145544863545215,0.6485674021829415,0.6022082915135102,continuation,
compressor flow -5 %,compressor map,map record,66000,unresolved,turbine model validity: Reynolds number outside Soderberg correction comfort range,turbine model validity: Reynolds number outside Soderberg correction comfort range,855.3302735816502,8.008677852115284,0.6953191176553162,0.19032936287811236,1.4449191224224047,0.5928307850448202,0.7523920015853816,0.844618364306837,37.49504824584253,9.212655391284242,0.7224200735318564,0.6876511374960415,continuation,
compressor flow -5 %,compressor map,map record,68000,unresolved,turbine model validity: Reynolds number outside Soderberg correction comfort range,turbine model validity: Reynolds number outside Soderberg correction comfort range,856.1720497035911,8.15653133956107,0.697408757661666,0.19691800758665468,1.4729195850227108,0.5926151888529534,0.7550394788667196,0.845810288165318,40.02197378785695,9.510238053818043,0.7348452128171584,0.7026322160486254,continuation,
compressor flow -5 %,compressor map,map record,56000,unresolved,turbine model validity: Reynolds number outside Soderberg correction comfort range,turbine model validity: Reynolds number outside Soderberg correction comfort range,855.3975240588873,5.590321320244698,0.6671064084919676,0.15513950045254657,1.308465562328735,0.5886702664010413,0.742408706348517,0.8381747753846774,25.413866514933066,7.667207830749377,0.6445263545410511,0.5979133497591956,continuation,
compressor flow 5 %,compressor map,map record,66000,unresolved,turbine model validity: Reynolds number outside Soderberg correction comfort range,turbine model validity: Reynolds number outside Soderberg correction comfort range,842.47637258149,-4.8452231480449655,0.6235418650480791,0.19736990154797499,1.4692467006036645,0.566288757958874,0.765294017329166,0.845237211218932,39.5486513500599,9.27882453809037,0.732125879991521,0.7002670732364878,continuation,
compressor flow 5 %,compressor map,map record,68000,feasible,,,842.9330203662226,-5.0824979978074225,0.6255200240100081,0.20421693022120996,1.4985725492682045,0.5661103280586712,0.7687090068049705,0.846493564542508,42.19471503255827,9.570880649382286,0.7442305996464458,0.7150406605486969,continuation,
compressor flow 5 %,compressor map,map record,56000,unresolved,turbine model validity: Reynolds number outside Soderberg correction comfort range,turbine model validity: Reynolds number outside Soderberg correction comfort range,845.6406041458347,-4.166598592807873,0.5963443414175311,0.1607008459652795,1.3259461682037124,0.561275379929666,0.7496813908659795,0.838433912261614,26.87039726534638,7.7679118437278545,0.655661563923727,0.6111742629552087,continuation,
compressor pressure rise -5 %,compressor map,illustrative,66000,unresolved,turbine model validity: Reynolds number outside Soderberg correction comfort range,turbine model validity: Reynolds number outside Soderberg correction comfort range,845.4012503442101,-1.920345385324822,0.6381404150821273,0.19057566738368303,1.4414856916672163,0.5719637156815294,0.7638421284154884,0.8452411970431167,37.157967926320396,9.051763344487421,0.7206101013809475,0.6849492540498233,continuation,
compressor pressure rise -5 %,compressor map,illustrative,68000,unresolved,turbine model validity: Reynolds number outside Soderberg correction comfort range,turbine model validity: Reynolds number outside Soderberg correction comfort range,845.6716236831604,-2.343894680869653,0.640207514231818,0.19720199871470925,1.4691259473773755,0.5718021581321512,0.7671642091986707,0.8464423921963395,39.64846168358821,9.33552493747741,0.7330161248181976,0.6998329112370987,continuation,
compressor pressure rise -5 %,compressor map,illustrative,56000,unresolved,turbine model validity: Reynolds number outside Soderberg correction comfort range,turbine model validity: Reynolds number outside Soderberg correction comfort range,850.2368885832598,0.42968584461721093,0.6100612399443489,0.15508488355183014,1.3066435213511194,0.5668672343228309,0.7485682102699304,0.838544167541644,25.244122674725922,7.590520153028647,0.6430819343240893,0.5960367856465302,continuation,
map reference 288.15 K / 101.325 kPa,compressor map,convention alternative,66000,unresolved,turbine model validity: Reynolds number outside Soderberg correction comfort range,turbine model validity: Reynolds number outside Soderberg correction comfort range,866.125979445933,18.804383716398092,0.7073542561302424,0.1822664595655141,1.4171886338778796,0.5977696978198653,0.7463780199916022,0.8440629180066058,34.99192909751835,9.051310853066378,0.7095302253818783,0.6709835804372993,continuation,
map reference 288.15 K / 101.325 kPa,compressor map,convention alternative,68000,unresolved,turbine model validity: Reynolds number outside Soderberg correction comfort range,turbine model validity: Reynolds number outside Soderberg correction comfort range,866.9174196121172,18.901901248087142,0.710100053029226,0.18867983822463513,1.4440034438051566,0.5977361118408435,0.7487131823654236,0.8452049551777877,37.393751206386604,9.348862622145,0.7224533859751654,0.6863169052508586,continuation,
map reference 288.15 K / 101.325 kPa,compressor map,convention alternative,56000,unresolved,turbine model validity: Reynolds number outside Soderberg correction comfort range,turbine model validity: Reynolds number outside Soderberg correction comfort range,866.6203855334298,16.81318279478728,0.6740970682431351,0.14791962299513908,1.2865939244933136,0.5921835696168705,0.7390980654950172,0.8377525673649217,23.506146457588724,7.5007362984645845,0.6288137108888926,0.5794054336680928,continuation,
combustor loss 4 % at design FF,pressure losses,V22 basis,66000,unresolved,turbine model validity: Reynolds number outside Soderberg correction comfort range,turbine model validity: Reynolds number outside Soderberg correction comfort range,869.068925424956,21.747329695421058,0.6321755176760478,0.18957290425322915,1.4665832470180875,0.5696629949826025,0.7645034236270268,0.8437270065578337,37.803188438604096,9.417533377183343,0.7241198720288133,0.6903208233254835,continuation,
combustor loss 4 % at design FF,pressure losses,V22 basis,68000,unresolved,turbine model validity: Reynolds number outside Soderberg correction comfort range,turbine model validity: Reynolds number outside Soderberg correction comfort range,869.0355135419801,21.019995177950022,0.6344151165991194,0.19619908987078405,1.495710869220988,0.5695753617169952,0.767874482893035,0.845003294022356,40.33404288551306,9.708567361838716,0.7364080730000265,0.7051433261535561,continuation,
combustor loss 4 % at design FF,pressure losses,V22 basis,56000,unresolved,turbine model validity: Reynolds number outside Soderberg correction comfort range,turbine model validity: Reynolds number outside Soderberg correction comfort range,874.9295908336043,25.122388094961707,0.6037453272450546,0.15418418105321452,1.3242752328116236,0.5643102895746447,0.749098723476347,0.8367989578403483,25.688362676619715,7.905475274716856,0.6470255456647581,0.6014413960471795,continuation,
combustor loss 6 % at design FF,pressure losses,DP-2 cycle screen basis,66000,unresolved,turbine model validity: Reynolds number outside Soderberg correction comfort range,turbine model validity: Reynolds number outside Soderberg correction comfort range,897.7993745752766,50.47777884574168,0.5983594773619355,0.18388320717467066,1.4766905014524772,0.5561375521718719,0.7673621007509951,0.8420316741393385,36.86110299271196,9.655021065639584,0.719770817201079,0.6853635726734771,continuation,
combustor loss 6 % at design FF,pressure losses,DP-2 cycle screen basis,68000,unresolved,turbine model validity: Reynolds number outside Soderberg correction comfort range,turbine model validity: Reynolds number outside Soderberg correction comfort range,897.2386490843468,49.2231307203167,0.6005818678065376,0.1903357872698179,1.506270730404783,0.5560914825371696,0.7707659020145476,0.8433551257884364,39.31885989265322,9.946440682221068,0.732089590655856,0.7001238638754793,continuation,
combustor loss 6 % at design FF,pressure losses,DP-2 cycle screen basis,56000,unresolved,turbine model validity: Reynolds number outside Soderberg correction comfort range,turbine model validity: Reynolds number outside Soderberg correction comfort range,906.8107700340572,57.003567295414655,0.5690869069894033,0.1492386539964618,1.3310279160716527,0.5497237598531188,0.7514177926033635,0.8348868536829338,25.01812641812455,8.124635509292673,0.6421648678496102,0.5963759593939291,continuation,
combustor loss 8 % at design FF,pressure losses,illustrative (KJ66 reports ~12 % at PR ~2),66000,unresolved,turbine model validity: Reynolds number outside Soderberg correction comfort range,turbine model validity: Reynolds number outside Soderberg correction comfort range,925.1478782082944,77.82628247875948,0.5672600188850564,0.17864345202692297,1.484811747227226,0.5429258262204988,0.7691806453211836,0.8404549525406975,35.96011071544802,9.866181491563552,0.7154628982115172,0.6804276675672362,continuation,
combustor loss 8 % at design FF,pressure losses,illustrative (KJ66 reports ~12 % at PR ~2),68000,unresolved,turbine model validity: Reynolds number outside Soderberg correction comfort range,turbine model validity: Reynolds number outside Soderberg correction comfort range,924.0775860784056,76.06206771437553,0.5696366100594752,0.1849651631231058,1.5148996256602298,0.5429970359615559,0.772616689195956,0.8418191573350293,38.36093756916987,10.159205756184429,0.7278710125426625,0.6952071461393258,continuation,
combustor loss 8 % at design FF,pressure losses,illustrative (KJ66 reports ~12 % at PR ~2),56000,unresolved,turbine model validity: Reynolds number outside Soderberg correction comfort range,turbine model validity: Reynolds number outside Soderberg correction comfort range,937.5526581399566,87.74545540131408,0.5360015485358911,0.1445130547888304,1.3356488355518932,0.5348579928683436,0.7524964772362709,0.8331160273689922,24.32643008150197,8.31446256790868,0.6369386778327186,0.5908424570767701,continuation,
turn/deswirl loss 3 %,pressure losses,illustrative,66000,unresolved,turbine model validity: Reynolds number outside Soderberg correction comfort range,turbine model validity: Reynolds number outside Soderberg correction comfort range,862.4143273343096,15.092731604774713,0.6403276461535405,0.19094329913194227,1.464032062832287,0.5728012004530556,0.7635626192214883,0.8441239034279716,38.029618101189136,9.36122433661114,0.7251460822747612,0.6914947172302439,continuation,
turn/deswirl loss 3 %,pressure losses,illustrative,68000,unresolved,turbine model validity: Reynolds number outside Soderberg correction comfort range,turbine model validity: Reynolds number outside Soderberg correction comfort range,862.5868560939757,14.57133772994564,0.6425213861480762,0.1976025521207806,1.4930489734448313,0.5726852628580863,0.7668378767695411,0.84538385269468,40.57870838277155,9.653314486135908,0.7374302223216346,0.7063390466693975,continuation,
turn/deswirl loss 3 %,pressure losses,illustrative,56000,unresolved,turbine model validity: Reynolds number outside Soderberg correction comfort range,turbine model validity: Reynolds number outside Soderberg correction comfort range,867.4360410843183,17.628838345675717,0.6118293549139954,0.15533700165548298,1.3223562407079592,0.5675776728946452,0.7484144729593867,0.837260070400542,25.833277061895256,7.849950547154101,0.6480456326776077,0.6024831649423276,continuation,
inlet loss 2 %,pressure losses,illustrative,66000,unresolved,turbine model validity: Reynolds number outside Soderberg correction comfort range,turbine model validity: Reynolds number outside Soderberg correction comfort range,861.9526617656828,14.6310660361479,0.648136183743145,0.19069490997002264,1.4615249672580644,0.5757645191399137,0.7624220238141993,0.8441656478002085,37.91676462484014,9.342631494893348,0.7245875498397523,0.6907354276559127,continuation,
inlet loss 2 %,pressure losses,illustrative,68000,unresolved,turbine model validity: Reynolds number outside Soderberg correction comfort range,turbine model validity: Reynolds number outside Soderberg correction comfort range,862.7887824305061,14.773264066476031,0.6501391743494843,0.1971893574007508,1.490474037247597,0.5755670797006095,0.7656131381575391,0.8453826020538624,40.429191307723286,9.639453068631905,0.7367627994442972,0.7054371500977836,continuation,
inlet loss 2 %,pressure losses,illustrative,56000,unresolved,turbine model validity: Reynolds number outside Soderberg correction comfort range,turbine model validity: Reynolds number outside Soderberg correction comfort range,863.655384834606,13.848182095963466,0.6202854378713565,0.15570708457762802,1.3202806883512657,0.5709433993424164,0.7476493564409976,0.8375143325688059,25.83795515173453,7.811906722494621,0.6480207021344553,0.6023545273342849,continuation,
tunnel leakage 5 %,leakage,illustrative,66000,unresolved,turbine model validity: Reynolds number outside Soderberg correction comfort range,turbine model validity: Reynolds number outside Soderberg correction comfort range,860.1628916130028,12.841295883467865,0.662381999124683,0.19464824129555197,1.4567724671137992,0.5810661730244921,0.7598848002360021,0.8451594472910811,38.65155322542867,9.21481131949526,0.7279347215803832,0.6947103348272923,continuation,
tunnel leakage 5 %,leakage,illustrative,68000,feasible,,,860.8974764548511,12.881958090821058,0.6644020619496559,0.20138815351572245,1.4854605827835339,0.5808595285320606,0.7628359340513633,0.8463731592668045,41.2505757822683,9.51063999482068,0.7402053262292878,0.709613354695486,continuation,
tunnel leakage 5 %,leakage,illustrative,56000,unresolved,turbine model validity: Reynolds number outside Soderberg correction comfort range,turbine model validity: Reynolds number outside Soderberg correction comfort range,862.5913879797986,12.784185241156024,0.634028395238017,0.15850126719531984,1.3168596288023415,0.5763030563929055,0.7463068718885357,0.8385172768891512,26.222130235866203,7.6957426422958815,0.6507452215760016,0.6052269381234677,continuation,
bearing/windage losses x3,mechanical,illustrative,66000,unresolved,turbine model validity: Reynolds number outside Soderberg correction comfort range,turbine model validity: Reynolds number outside Soderberg correction comfort range,863.8531496691172,16.531553939582295,0.6525437695673423,0.19299594855665864,1.46007910250638,0.5774191048421631,0.7616917802555436,0.8439242580041928,38.865908648578,9.493317869506356,0.7291950813668262,0.6969601426515032,continuation,
bearing/windage losses x3,mechanical,illustrative,68000,unresolved,turbine model validity: Reynolds number outside Soderberg correction comfort range,turbine model validity: Reynolds number outside Soderberg correction comfort range,864.0268199029861,16.01130153895599,0.6547723373149342,0.19972258547717228,1.4888728203575723,0.5773008778404933,0.7647703406231579,0.8452119729509935,41.4668277127106,9.789383978788893,0.7413587615271047,0.7117455601903401,continuation,
bearing/windage losses x3,mechanical,illustrative,56000,unresolved,turbine model validity: Reynolds number outside Soderberg correction comfort range,turbine model validity: Reynolds number outside Soderberg correction comfort range,870.5340690241629,20.726866285520373,0.6227970123236753,0.15690060083735274,1.319656518255615,0.5719329984120328,0.7474130154128893,0.8368446198365803,26.426271773469626,7.980402734971663,0.6527005432462922,0.6082190349682188,continuation,
"nozzle area -3 % (forming tolerance, illustrative)",tolerance,illustrative,66000,unresolved,turbine model validity: Reynolds number outside Soderberg correction comfort range,turbine model validity: Reynolds number outside Soderberg correction comfort range,859.0228619762868,11.701266246751857,0.6504154497634714,0.19263841076950242,1.4607800337305397,0.576621758653893,0.7620514247820499,0.8445079560527462,39.67590792169405,9.382208243027298,0.7251131062921744,0.691355681789763,continuation,
"nozzle area -3 % (forming tolerance, illustrative)",tolerance,illustrative,68000,unresolved,turbine model validity: Reynolds number outside Soderberg correction comfort range,turbine model validity: Reynolds number outside Soderberg correction comfort range,859.8930108203177,11.877492456287655,0.6523815864566782,0.1993089607763255,1.4897023658857023,0.576407996044821,0.7652135251206715,0.8457335317315997,42.34738612087071,9.68614021020586,0.7372904265698607,0.7060734748651106,continuation,
"nozzle area -3 % (forming tolerance, illustrative)",tolerance,illustrative,56000,unresolved,turbine model validity: Reynolds number outside Soderberg correction comfort range,turbine model validity: Reynolds number outside Soderberg correction comfort range,860.7292533469916,10.922050608349082,0.6225555614518636,0.15686618399519545,1.319716611990861,0.5718380614194729,0.747435909915209,0.8378069530003796,26.90800023324938,7.824783417457741,0.6484725266399015,0.6028280147249918,continuation,
nozzle area +3 %,tolerance,illustrative,66000,unresolved,turbine model validity: Reynolds number outside Soderberg correction comfort range,turbine model validity: Reynolds number outside Soderberg correction comfort range,836.8805452559907,-10.441050473544237,0.6677780843366257,0.19555418585432022,1.454912666316086,0.5830399148933231,0.7588136603182526,0.8454952535297101,37.51883731422213,9.098915649279965,0.7298121603625461,0.6969743973996206,continuation,
nozzle area +3 %,tolerance,illustrative,68000,feasible,,,837.4254961623548,-10.59002220167531,0.6698853056148628,0.20233620028716573,1.48346725213825,0.5828592078437315,0.7616508565098875,0.8467094399552065,40.03634787398468,9.386496853935371,0.7421696791478206,0.7120311459073808,continuation,
nozzle area +3 %,tolerance,illustrative,56000,unresolved,turbine model validity: Reynolds number outside Soderberg correction comfort range,turbine model validity: Reynolds number outside Soderberg correction comfort range,839.9745496492533,-9.832653089389282,0.6389904141002427,0.1592082682567474,1.3156365435268604,0.5782054552824958,0.7457822026360246,0.8388510585091848,25.472094215727573,7.616883727826401,0.6521627412600252,0.6067545267315289,continuation,
hot day 308 K,ambient,illustrative,66000,unresolved,turbine model validity: Reynolds number outside Soderberg correction comfort range,turbine model validity: Reynolds number outside Soderberg correction comfort range,905.2869790470874,57.96538331755244,0.6549092206794077,0.18031102743500527,1.4271385237784198,0.5794110249061533,0.7575030206129627,0.8416954361378708,35.79660770697294,9.297569540512795,0.7143259173765955,0.6783971548694816,continuation,
hot day 308 K,ambient,illustrative,68000,unresolved,turbine model validity: Reynolds number outside Soderberg correction comfort range,turbine model validity: Reynolds number outside Soderberg correction comfort range,905.6124462032363,57.59692783920627,0.6578809591440327,0.1867435513289861,1.4547055687417783,0.5795254971352732,0.7603199810377297,0.8429347952363155,38.26416616947554,9.597515677727287,0.727163682212998,0.693751188538982,continuation,
hot day 308 K,ambient,illustrative,56000,unresolved,"outside map domain (corrected speed below lowest digitized line) - unresolved, not an engine failure",,,,,,,,,,,,,,global_scan,"corrected speed 55,510 rpm outside digitized lines 55,864-144,956 rpm; no extrapolation"
cold day 268 K,ambient,illustrative,66000,feasible,,,789.707793842135,-57.61380188739997,0.6633332782533192,0.20995277395860104,1.491975083301159,0.580277518965865,0.763761494957356,0.8485437910001521,41.70322582113743,9.169797650865803,0.7411290099228843,0.7108138588189058,continuation,
cold day 268 K,ambient,illustrative,68000,feasible,,,793.1227649558888,-54.89275340814129,0.6702370082253775,0.21821301349035715,1.5285568017531923,0.5799298157400691,0.7639260354942723,0.8495580749661376,45.02429236104669,9.551254202843644,0.755128909297462,0.7285371542831075,continuation,
cold day 268 K,ambient,illustrative,56000,unresolved,turbine model validity: Reynolds number outside Soderberg correction comfort range,turbine model validity: Reynolds number outside Soderberg correction comfort range,789.4694575254924,-60.33774521315013,0.6417594302122144,0.17218126032600742,1.345433196581287,0.5778613183697392,0.7491477803596189,0.8419551283920329,28.635259465175373,7.680143956437644,0.6675457162064534,0.6242048272375282,continuation,
low ambient pressure 95 kPa,ambient,illustrative,66000,unresolved,turbine model validity: Reynolds number outside Soderberg correction comfort range,turbine model validity: Reynolds number outside Soderberg correction comfort range,848.5024091737208,1.180813444185901,0.6585456537829738,0.181893734316637,1.458074842928696,0.5796515385783161,0.760614776690202,0.8432951044252742,36.15472793710092,8.670587541029697,0.7279937838766974,0.6948366079394028,continuation,
low ambient pressure 95 kPa,ambient,illustrative,68000,unresolved,turbine model validity: Reynolds number outside Soderberg correction comfort range,turbine model validity: Reynolds number outside Soderberg correction comfort range,849.1585729849666,1.143054620936482,0.6606066177343018,0.18820152097961082,1.486818992204418,0.5794641056847543,0.7636236338727097,0.844532839923344,38.584486075082104,8.947410791381126,0.740256084186537,0.7097229555283978,continuation,
low ambient pressure 95 kPa,ambient,illustrative,56000,unresolved,turbine model validity: Reynolds number outside Soderberg correction comfort range,turbine model validity: Reynolds number outside Soderberg correction comfort range,851.2382865526673,1.4310838140247597,0.6300422621848369,0.148074586028813,1.3178502582181817,0.574762329241326,0.7467094566859587,0.8365169525182472,24.533367409166942,7.247907815280556,0.6508640932451738,0.6054417461444735,continuation,
"combined adverse (a1 low, b2 least turning, losses x1.5, eta -0.04, comb 6 %, leak 4 %, hot day)",combined,illustrative bounding combination,66000,fails,T04 1317 K > 1150 K screen,turbine model validity: Reynolds number outside Soderberg correction comfort range,1317.0222633329372,469.7006676034023,0.601980138222849,0.1719873797553464,1.4427801169044254,0.558748359257499,0.7232040920795935,0.7637051922592822,48.173295989770864,16.046063364856813,0.6910572601856197,0.6684356820566313,continuation,
"combined adverse (a1 low, b2 least turning, losses x1.5, eta -0.04, comb 6 %, leak 4 %, hot day)",combined,illustrative bounding combination,68000,fails,T04 1317 K > 1150 K screen,turbine model validity: Reynolds number outside Soderberg correction comfort range,1317.0842033352212,469.06868497119115,0.6046213789689029,0.17811584818399573,1.4712209085120485,0.5588273459416779,0.7264520742002432,0.7653872334932234,51.496174462116585,16.580888452751577,0.7035446659384191,0.6829433783384903,continuation,
"combined adverse (a1 low, b2 least turning, losses x1.5, eta -0.04, comb 6 %, leak 4 %, hot day)",combined,illustrative bounding combination,56000,unresolved,"outside map domain (corrected speed below lowest digitized line) - unresolved, not an engine failure",,,,,,,,,,,,,,global_scan,"corrected speed 55,510 rpm outside digitized lines 55,864-144,956 rpm; no extrapolation"
