N_rpm,status,method,beta,mdot_air_kg_s,PR,eta_c,SM_flow,T03_K,P03_kPa,T04_K,T41_K,EGT_T5_K,P5_kPa,eta_t_tt,psi,ngv_flow_frac,rotor_flow_frac,fuel_kg_h,thrust_N,P_comp_kW,P_turb_kW,P_mech_W,r_mass,r_power,map_conf,nozzle_choked
55000,matched,continuation,0.62583,0.1542,1.3039,0.7453,0.5738,318.64,131.441,850.86,841.0,813.47,108.961,0.8376,0.7553,0.6409,0.5943,7.559,24.985,4.7185,4.7972,78.71,-6.827792355380167e-13,6.978823413218001e-13,medium,False
56000,matched,continuation,0.63113,0.15809,1.3176,0.7466,0.5752,319.83,132.781,849.81,839.98,811.38,109.272,0.8384,0.7566,0.6504,0.6049,7.716,26.171,5.026,5.1074,81.38,-7.055349092849787e-13,-2.0881785265287195e-12,medium,False
58000,matched,continuation,0.6401,0.16569,1.3451,0.7492,0.5773,322.18,135.482,848.23,838.47,807.74,109.908,0.8398,0.7573,0.6683,0.6251,8.027,28.576,5.6598,5.7466,86.88,2.1938707580743154e-12,-1.324421972047388e-12,medium,False
60000,matched,continuation,0.64713,0.17308,1.3729,0.752,0.5787,324.5,138.205,847.29,837.59,804.77,110.561,0.8411,0.7555,0.6849,0.644,8.333,31.019,6.3161,6.4087,92.59,1.0170280024731388e-12,-6.148417342352072e-14,medium,False
62000,matched,continuation,0.65253,0.18028,1.4009,0.7547,0.5795,326.79,140.948,846.89,837.24,802.35,111.231,0.8425,0.7518,0.7002,0.6618,8.636,33.499,6.9933,7.0919,98.52,-5.949071758991183e-12,2.132070256875627e-12,medium,False
64000,matched,continuation,0.65659,0.1873,1.4292,0.7575,0.5799,329.04,143.711,846.93,837.31,800.4,111.919,0.8438,0.7464,0.7144,0.6785,8.936,36.017,7.6901,7.7948,104.66,-3.1680028178771068e-12,4.982702066626163e-13,medium,False
66000,matched,continuation,0.65955,0.19417,1.4577,0.7604,0.58,331.26,146.492,847.32,837.74,798.83,112.624,0.845,0.7397,0.7276,0.6943,9.233,38.571,8.4051,8.5161,111.03,2.058066483524199e-12,-8.642146902562842e-13,medium,False
68000,matched,design point,0.66159,0.2009,1.4865,0.7634,0.5798,333.44,149.29,848.02,838.46,797.59,113.348,0.8462,0.7319,0.7399,0.7092,9.529,41.164,9.1368,9.2544,117.63,2.836109516530593e-12,-3.134952585016463e-14,medium,False
72000,matched,continuation,0.67448,0.21623,1.5577,0.7638,0.579,339.1,156.224,855.26,845.68,799.79,115.089,0.8482,0.7339,0.7663,0.7429,10.304,47.647,11.0652,11.1968,131.61,2.2637434917974737e-12,-6.976638223313701e-13,medium,False
76000,matched,continuation,0.68598,0.23154,1.6341,0.7641,0.577,344.96,163.631,864.5,854.87,803.79,117.003,0.8501,0.734,0.7897,0.7739,11.127,54.703,13.2163,13.3629,146.63,3.4644226016447676e-12,4.0091783094395396e-13,medium,False
80000,matched,continuation,0.69345,0.24618,1.7114,0.7656,0.5742,350.59,171.095,874.15,864.44,808.42,119.017,0.8519,0.7278,0.8093,0.8008,11.945,61.964,15.4482,15.6109,162.74,-2.6299387584105197e-12,-3.3765463375546296e-12,medium,False
